Peptide,GlycanComposition,C1,C2,C3,C4,C5,C6,C7,C8,C9,C10,C11,C12,C13,C14,C15,C16,C17,C18,C19,C20,C21,C22,C23,C24,N1,N2,N3,N4,N5,N6,N7,N8,N9,N10,N11,N12,N13,N14,N15,N16,N17,N18,N19,N20,N21,N22,N23,N24
JKTQGK,H(5)N(4)A(2),1.22E+07,,,,,,,,,,,,,,,,,,,,,,,,,,,,,,,,,,,,,,,,,,,,,,,
JASQAK,H(5)N(4)A(2),4.41E+07,,,,,,,,,,,,,,,,,,,,,,,,,,,,,,,,,,,,,,,,,,,,,,,
LSSJSTKK,H(5)N(4)A(2),5.53E+08,,,,,,,,,,,,,,,,,,,,,,,,,,,,,,,,,,,,,,,,,,,,,,,
AJISHK,H(5)N(4)A(1),4.89E+07,,,,,,,,,,,,,,,,,,,,,,,,,,,,,,,,,,,,,,,,,,,,,,,
TQPSSEJK,H(5)N(4)A(2),3.69E+07,,,,,,,,,,,,,,,,,,,,,,,,,,,,,,,,,,,,,,,,,,,,,,,
HSHNJJSSDLHPHK,H(5)N(4)A(2),4.14E+08,,,,,,,,,,,,,,,,,,,,,,,,,,,,,,,,,,,,,,,,,,,,,,,
HSHNJJSSDLHPHK,H(5)N(4)A(2)F(1),3.66E+07,,,,,,,,,,,,,,,,,,,,,,,,,,,,,,,,,,,,,,,,,,,,,,,
HJSTGCLR,H(5)N(4)A(2),2.96E+07,,,,,,,,,,,,,,,,,,,,,,,,,,,,,,,,,,,,,,,,,,,,,,,
HSHNJJSSDLHPHK,H(4)N(3)A(1),3.89E+06,,,,,,,,,,,,,,,,,,,,,,,,,,,,,,,,,,,,,,,,,,,,,,,
AJISHK,H(5)N(4)A(2),3.28E+07,,,,,,,,,,,,,,,,,,,,,,,,,,,,,,,,,,,,,,,,,,,,,,,
AJISHK,H(4)N(3)A(1),2.72E+07,,,,,,,,,,,,,,,,,,,,,,,,,,,,,,,,,,,,,,,,,,,,,,,
HJSTGCLR,H(10)N(7)A(1)F(3),1.18E+07,,,,,,,,,,,,,,,,,,,,,,,,,,,,,,,,,,,,,,,,,,,,,,,
JGTAVCATNRR,H(5)N(4)A(2),3.06E+07,,,,,,,,,,,,,,,,,,,,,,,,,,,,,,,,,,,,,,,,,,,,,,,
AJISHK,H(5)N(5)A(2),1.05E+07,,,,,,,,,,,,,,,,,,,,,,,,,,,,,,,,,,,,,,,,,,,,,,,
HSHNJJSSDLHPHK,H(6)N(5)A(3)F(1),2.45E+07,,,,,,,,,,,,,,,,,,,,,,,,,,,,,,,,,,,,,,,,,,,,,,,
HSHNJJSSDLHPHK,H(6)N(5)A(3),3.85E+07,,,,,,,,,,,,,,,,,,,,,,,,,,,,,,,,,,,,,,,,,,,,,,,
YKJNSDISSTR,H(5)N(4)A(1)F(1),3.70E+07,,,,,,,,,,,,,,,,,,,,,,,,,,,,,,,,,,,,,,,,,,,,,,,
YKJNSDISSTR,H(4)N(3)A(1)F(1),5.95E+06,,,,,,,,,,,,,,,,,,,,,,,,,,,,,,,,,,,,,,,,,,,,,,,
HJFSHCCSK,H(5)N(4)A(1),9.18E+07,,,,,,,,,,,,,,,,,,,,,,,,,,,,,,,,,,,,,,,,,,,,,,,
SYJETK,H(4)N(3),1.05E+07,,,,,,,,,,,,,,,,,,,,,,,,,,,,,,,,,,,,,,,,,,,,,,,
HJFSHCCSK,H(5)N(4)A(2),9.07E+08,,,,,,,,,,,,,,,,,,,,,,,,,,,,,,,,,,,,,,,,,,,,,,,
SYJETK,H(5)N(4)A(1),2.66E+08,,,,,,,,,,,,,,,,,,,,,,,,,,,,,,,,,,,,,,,,,,,,,,,
HJFSHCCSK,H(5)N(4)A(2)F(1),5.66E+06,,,,,,,,,,,,,,,,,,,,,,,,,,,,,,,,,,,,,,,,,,,,,,,
HJFSHCCSK,H(4)N(4)A(1),5.42E+06,,,,,,,,,,,,,,,,,,,,,,,,,,,,,,,,,,,,,,,,,,,,,,,
HJFSHCCSK,H(4)N(3),8.45E+06,,,,,,,,,,,,,,,,,,,,,,,,,,,,,,,,,,,,,,,,,,,,,,,
HJFSHCCSK,H(4)N(3)A(1),4.11E+07,,,,,,,,,,,,,,,,,,,,,,,,,,,,,,,,,,,,,,,,,,,,,,,
HJSTGCLR,H(6)N(5)A(1),4.10E+07,,,,,,,,,,,,,,,,,,,,,,,,,,,,,,,,,,,,,,,,,,,,,,,
HJSTGCLR,H(5)N(4)A(1),5.42E+06,,,,,,,,,,,,,,,,,,,,,,,,,,,,,,,,,,,,,,,,,,,,,,,
HJSTGCLR,H(5)N(4),4.96E+06,,,,,,,,,,,,,,,,,,,,,,,,,,,,,,,,,,,,,,,,,,,,,,,
TKPREEQYJSTYR,H(4)N(4),1.83E+07,,,,,,,,,,,,,,,,,,,,,,,,,,,,,,,,,,,,,,,,,,,,,,,
NEEYJK,H(5)N(4)A(1),5.68E+07,,,,,,,,,,,,,,,,,,,,,,,,,,,,,,,,,,,,,,,,,,,,,,,
TKPREEQYJSTYR,H(3)N(4),1.43E+07,,,,,,,,,,,,,,,,,,,,,,,,,,,,,,,,,,,,,,,,,,,,,,,
TKPREEQYJSTYR,H(5)N(4)F(1),9.05E+07,,,,,,,,,,,,,,,,,,,,,,,,,,,,,,,,,,,,,,,,,,,,,,,
TKPREEQYJSTYR,H(4)N(3)F(1),1.16E+08,,,,,,,,,,,,,,,,,,,,,,,,,,,,,,,,,,,,,,,,,,,,,,,
TKPREEQYJSTYR,H(4)N(4)F(1),2.07E+08,,,,,,,,,,,,,,,,,,,,,,,,,,,,,,,,,,,,,,,,,,,,,,,
TKPREEQYJSTYR,H(3)N(3)F(1),2.86E+08,,,,,,,,,,,,,,,,,,,,,,,,,,,,,,,,,,,,,,,,,,,,,,,
TKPREEQYJSTYR,H(3)N(2)F(1),2.12E+07,,,,,,,,,,,,,,,,,,,,,,,,,,,,,,,,,,,,,,,,,,,,,,,
TKPREEQYJSTYR,H(3)N(4)F(1),2.42E+08,,,,,,,,,,,,,,,,,,,,,,,,,,,,,,,,,,,,,,,,,,,,,,,
TQPSSEJKTAHLHK,H(5)N(4)A(2),9.47E+07,,,,,,,,,,,,,,,,,,,,,,,,,,,,,,,,,,,,,,,,,,,,,,,
TQPSSEJKTAHLHK,H(5)N(4)A(2)F(1),3.52E+07,,,,,,,,,,,,,,,,,,,,,,,,,,,,,,,,,,,,,,,,,,,,,,,
HJSTGCLR,H(3)N(3),2.93E+06,,,,,,,,,,,,,,,,,,,,,,,,,,,,,,,,,,,,,,,,,,,,,,,
HJSTGCLR,H(4)N(3),1.36E+07,,,,,,,,,,,,,,,,,,,,,,,,,,,,,,,,,,,,,,,,,,,,,,,
YHJQTLR,H(5)N(2),3.10E+06,,,,,,,,,,,,,,,,,,,,,,,,,,,,,,,,,,,,,,,,,,,,,,,
HJSTGCLR,H(4)N(3)A(1),8.17E+06,,,,,,,,,,,,,,,,,,,,,,,,,,,,,,,,,,,,,,,,,,,,,,,
YKJNSDISSTR,H(8)N(2),2.40E+06,,,,,,,,,,,,,,,,,,,,,,,,,,,,,,,,,,,,,,,,,,,,,,,
RKNAHGEEKEJLTAR,H(5)N(4)A(2),5.91E+07,,,,,,,,,,,,,,,,,,,,,,,,,,,,,,,,,,,,,,,,,,,,,,,
TKPREEQYJSTYR,H(3)N(5)F(1),6.03E+07,,,,,,,,,,,,,,,,,,,,,,,,,,,,,,,,,,,,,,,,,,,,,,,
TKPREEQYJSTYR,H(4)N(5)F(1),7.63E+07,,,,,,,,,,,,,,,,,,,,,,,,,,,,,,,,,,,,,,,,,,,,,,,
YKJNSDISSTR,H(6)N(3),8.99E+06,,,,,,,,,,,,,,,,,,,,,,,,,,,,,,,,,,,,,,,,,,,,,,,
TKPREEQYJSTYR,H(5)N(4)A(1)F(1),3.17E+07,,,,,,,,,,,,,,,,,,,,,,,,,,,,,,,,,,,,,,,,,,,,,,,
YKJNSDISSTR,H(5)N(2),1.02E+08,,,,,,,,,,,,,,,,,,,,,,,,,,,,,,,,,,,,,,,,,,,,,,,
YKJNSDISSTR,H(5)N(4),2.28E+07,,,,,,,,,,,,,,,,,,,,,,,,,,,,,,,,,,,,,,,,,,,,,,,
KKKEDALJETR,H(5)N(4)A(2),1.51E+07,,,,,,,,,,,,,,,,,,,,,,,,,,,,,,,,,,,,,,,,,,,,,,,
YKJNSDISSTR,H(6)N(2),2.25E+08,,,,,,,,,,,,,,,,,,,,,,,,,,,,,,,,,,,,,,,,,,,,,,,
YKJNSDISSTR,H(4)N(2),2.02E+06,,,,,,,,,,,,,,,,,,,,,,,,,,,,,,,,,,,,,,,,,,,,,,,
JGTAVCATNRR,H(5)N(4)A(1),9.08E+07,,,,,,,,,,,,,,,,,,,,,,,,,,,,,,,,,,,,,,,,,,,,,,,
JGTAVCATNRR,H(4)N(3),9.19E+06,,,,,,,,,,,,,,,,,,,,,,,,,,,,,,,,,,,,,,,,,,,,,,,
JGTAVCATNRR,H(3)N(3),1.99E+06,,,,,,,,,,,,,,,,,,,,,,,,,,,,,,,,,,,,,,,,,,,,,,,
HJSTGCLR,H(6)N(5)A(2),7.89E+08,,,,,,,,,,,,,,,,,,,,,,,,,,,,,,,,,,,,,,,,,,,,,,,
YKJNSDISSTR,H(4)N(3)F(1),2.99E+07,,,,,,,,,,,,,,,,,,,,,,,,,,,,,,,,,,,,,,,,,,,,,,,
SYJETK,H(5)N(4)A(2),3.28E+09,,,,,,,,,,,,,,,,,,,,,,,,,,,,,,,,,,,,,,,,,,,,,,,
EEQYJSTYR,H(4)N(4)F(1),1.58E+08,,,,,,,,,,,,,,,,,,,,,,,,,,,,,,,,,,,,,,,,,,,,,,,
HJSTGCLR,H(3)N(3)F(2),3.36E+07,,,,,,,,,,,,,,,,,,,,,,,,,,,,,,,,,,,,,,,,,,,,,,,
HJSTGCLR,H(3)N(2),7.21E+06,,,,,,,,,,,,,,,,,,,,,,,,,,,,,,,,,,,,,,,,,,,,,,,
RGPGLJLTSGQYR,H(5)N(2),1.07E+07,,,,,,,,,,,,,,,,,,,,,,,,,,,,,,,,,,,,,,,,,,,,,,,
HJSTGCLR,H(5)N(4)A(2)F(1),1.02E+08,,,,,,,,,,,,,,,,,,,,,,,,,,,,,,,,,,,,,,,,,,,,,,,
YKJNSDISSTR,H(5)N(5),5.13E+07,,,,,,,,,,,,,,,,,,,,,,,,,,,,,,,,,,,,,,,,,,,,,,,
HJSTGCLR,H(5)N(4)A(1)F(2),9.50E+09,,,,,,,,,,,,,,,,,,,,,,,,,,,,,,,,,,,,,,,,,,,,,,,
SYJETK,H(4)N(3)A(1),7.83E+07,,,,,,,,,,,,,,,,,,,,,,,,,,,,,,,,,,,,,,,,,,,,,,,
EEQYJSTYR,H(3)N(4)F(1),2.90E+08,,,,,,,,,,,,,,,,,,,,,,,,,,,,,,,,,,,,,,,,,,,,,,,
RKNAHGEEKEJLTAR,H(6)N(5)A(3),4.55E+07,,,,,,,,,,,,,,,,,,,,,,,,,,,,,,,,,,,,,,,,,,,,,,,
HJSTGCLR,H(5)N(4)A(3)F(2),9.87E+06,,,,,,,,,,,,,,,,,,,,,,,,,,,,,,,,,,,,,,,,,,,,,,,
KNAHGEEKEJLTAR,H(5)N(4)A(2),1.12E+08,,,,,,,,,,,,,,,,,,,,,,,,,,,,,,,,,,,,,,,,,,,,,,,
YKJNSDISSTR,H(4)N(5)F(1),1.60E+08,,,,,,,,,,,,,,,,,,,,,,,,,,,,,,,,,,,,,,,,,,,,,,,
YKJNSDISSTR,H(5)N(5)F(1),3.76E+08,,,,,,,,,,,,,,,,,,,,,,,,,,,,,,,,,,,,,,,,,,,,,,,
YKJNSDISSTR,H(6)N(3)A(1),4.77E+08,,,,,,,,,,,,,,,,,,,,,,,,,,,,,,,,,,,,,,,,,,,,,,,
YKJNSDISSTR,H(6)N(4)F(3),3.37E+06,,,,,,,,,,,,,,,,,,,,,,,,,,,,,,,,,,,,,,,,,,,,,,,
YKJNSDISSTR,H(3)N(5)F(1),1.35E+07,,,,,,,,,,,,,,,,,,,,,,,,,,,,,,,,,,,,,,,,,,,,,,,
YKJNSDISSTR,H(5)N(4)F(1),2.25E+08,,,,,,,,,,,,,,,,,,,,,,,,,,,,,,,,,,,,,,,,,,,,,,,
YKJNSDISSTR,H(5)N(3)A(1),2.05E+08,,,,,,,,,,,,,,,,,,,,,,,,,,,,,,,,,,,,,,,,,,,,,,,
YKJNSDISSTR,H(5)N(4)A(1),6.91E+08,,,,,,,,,,,,,,,,,,,,,,,,,,,,,,,,,,,,,,,,,,,,,,,
TKPREEQFJSTYR,H(3)N(3),2.56E+07,,,,,,,,,,,,,,,,,,,,,,,,,,,,,,,,,,,,,,,,,,,,,,,
NEEYJK,H(5)N(4)A(2),4.89E+09,,,,,,,,,,,,,,,,,,,,,,,,,,,,,,,,,,,,,,,,,,,,,,,
YKJNSDISSTR,H(6)N(3)A(1)F(1),1.46E+08,,,,,,,,,,,,,,,,,,,,,,,,,,,,,,,,,,,,,,,,,,,,,,,
NEEYJK,H(4)N(3)A(1),1.49E+08,,,,,,,,,,,,,,,,,,,,,,,,,,,,,,,,,,,,,,,,,,,,,,,
YKJNSDISSTR,H(5)N(5)A(1),2.90E+08,,,,,,,,,,,,,,,,,,,,,,,,,,,,,,,,,,,,,,,,,,,,,,,
EIRHJSTGCLR,H(6)N(5)A(1),2.61E+08,,,,,,,,,,,,,,,,,,,,,,,,,,,,,,,,,,,,,,,,,,,,,,,
YKJNSDISSTR,H(5)N(3)A(1)F(1),7.71E+08,,,,,,,,,,,,,,,,,,,,,,,,,,,,,,,,,,,,,,,,,,,,,,,
YKJNSDISSTR,H(4)N(3)A(1),1.66E+08,,,,,,,,,,,,,,,,,,,,,,,,,,,,,,,,,,,,,,,,,,,,,,,
YKJNSDISSTR,H(3)N(3)F(1),1.35E+07,,,,,,,,,,,,,,,,,,,,,,,,,,,,,,,,,,,,,,,,,,,,,,,
KKKEDALJETR,H(6)N(5)A(3)F(1),2.93E+08,,,,,,,,,,,,,,,,,,,,,,,,,,,,,,,,,,,,,,,,,,,,,,,
YKJNSDISSTR,H(4)N(4)F(1),7.14E+07,,,,,,,,,,,,,,,,,,,,,,,,,,,,,,,,,,,,,,,,,,,,,,,
YKJNSDISSTR,H(4)N(3)F(3),1.23E+07,,,,,,,,,,,,,,,,,,,,,,,,,,,,,,,,,,,,,,,,,,,,,,,
YKJNSDISSTR,H(3)N(2)F(1),4.75E+07,,,,,,,,,,,,,,,,,,,,,,,,,,,,,,,,,,,,,,,,,,,,,,,
YKJNSDISSTR,H(4)N(3),965289,,,,,,,,,,,,,,,,,,,,,,,,,,,,,,,,,,,,,,,,,,,,,,,
KSLEDJGSTR,H(6)N(3),3.97E+06,,,,,,,,,,,,,,,,,,,,,,,,,,,,,,,,,,,,,,,,,,,,,,,
YKJNSDISSTR,H(6)N(4)A(1),1.59E+08,,,,,,,,,,,,,,,,,,,,,,,,,,,,,,,,,,,,,,,,,,,,,,,
YKJNSDISSTR,H(6)N(6)F(2),1.01E+08,,,,,,,,,,,,,,,,,,,,,,,,,,,,,,,,,,,,,,,,,,,,,,,
EIRHJSTGCLR,H(5)N(4)A(1),1.87E+08,,,,,,,,,,,,,,,,,,,,,,,,,,,,,,,,,,,,,,,,,,,,,,,
KKKEDALJETR,H(6)N(5)A(3),1.60E+08,,,,,,,,,,,,,,,,,,,,,,,,,,,,,,,,,,,,,,,,,,,,,,,
NEEYJK,H(6)N(5)A(2)F(1),8.92E+07,,,,,,,,,,,,,,,,,,,,,,,,,,,,,,,,,,,,,,,,,,,,,,,
YKJNSDISSTR,H(4)N(4)A(1)F(1),9.55E+07,,,,,,,,,,,,,,,,,,,,,,,,,,,,,,,,,,,,,,,,,,,,,,,
NEEYJK,H(3)N(3)F(2),1.63E+07,,,,,,,,,,,,,,,,,,,,,,,,,,,,,,,,,,,,,,,,,,,,,,,
YKJNSDISSTR,H(4)N(5)F(2),9.13E+06,,,,,,,,,,,,,,,,,,,,,,,,,,,,,,,,,,,,,,,,,,,,,,,
YKJNSDISSTR,H(4)N(4),3.24E+06,,,,,,,,,,,,,,,,,,,,,,,,,,,,,,,,,,,,,,,,,,,,,,,
YKJNSDISSTR,H(5)N(5)A(1)F(1),1.88E+09,,,,,,,,,,,,,,,,,,,,,,,,,,,,,,,,,,,,,,,,,,,,,,,
YKJNSDISSTR,H(4)N(5)A(1),8.12E+06,,,,,,,,,,,,,,,,,,,,,,,,,,,,,,,,,,,,,,,,,,,,,,,
MJKTVAVR,H(9)N(2),3.77E+07,,,,,,,,,,,,,,,,,,,,,,,,,,,,,,,,,,,,,,,,,,,,,,,
TKPREEQYJSTYR,H(7)N(2),8.98E+06,,,,,,,,,,,,,,,,,,,,,,,,,,,,,,,,,,,,,,,,,,,,,,,
JNSDISSTR,H(5)N(6),1.71E+08,,,,,,,,,,,,,,,,,,,,,,,,,,,,,,,,,,,,,,,,,,,,,,,
YKJNSDISSTR,H(5)N(5)F(2),2.56E+08,,,,,,,,,,,,,,,,,,,,,,,,,,,,,,,,,,,,,,,,,,,,,,,
NEEYJK,H(5)N(7)A(2),3.24E+07,,,,,,,,,,,,,,,,,,,,,,,,,,,,,,,,,,,,,,,,,,,,,,,
YKJNSDISSTR,H(3)N(4)F(1),1.34E+07,,,,,,,,,,,,,,,,,,,,,,,,,,,,,,,,,,,,,,,,,,,,,,,
TKPREEQYJSTYR,H(5)N(3)F(1),1.04E+08,,,,,,,,,,,,,,,,,,,,,,,,,,,,,,,,,,,,,,,,,,,,,,,
TKPREEQYJSTYR,H(6)N(4)F(1),3.44E+08,,,,,,,,,,,,,,,,,,,,,,,,,,,,,,,,,,,,,,,,,,,,,,,
TKPREEQYJSTYR,H(6)N(2),5.78E+07,,,,,,,,,,,,,,,,,,,,,,,,,,,,,,,,,,,,,,,,,,,,,,,
TKPREEQYJSTYR,H(5)N(2),6.17E+07,,,,,,,,,,,,,,,,,,,,,,,,,,,,,,,,,,,,,,,,,,,,,,,
KKEDALJETR,H(5)N(4)A(2),2.24E+08,,,,,,,,,,,,,,,,,,,,,,,,,,,,,,,,,,,,,,,,,,,,,,,
YKJNSDISSTR,H(6)N(5)A(1)F(1),2.40E+07,,,,,,,,,,,,,,,,,,,,,,,,,,,,,,,,,,,,,,,,,,,,,,,
TKPREEQYJSTYR,H(4)N(5),5.76E+08,,,,,,,,,,,,,,,,,,,,,,,,,,,,,,,,,,,,,,,,,,,,,,,
TKPREEQYJSTYR,H(5)N(5),1.19E+09,,,,,,,,,,,,,,,,,,,,,,,,,,,,,,,,,,,,,,,,,,,,,,,
PREEQYJSTYR,H(6)N(3)F(2),5.71E+08,,,,,,,,,,,,,,,,,,,,,,,,,,,,,,,,,,,,,,,,,,,,,,,
PREEQYJSTYR,H(6)N(3)F(3),2.02E+08,,,,,,,,,,,,,,,,,,,,,,,,,,,,,,,,,,,,,,,,,,,,,,,
TKPREEQYJSTYR,H(4)N(2)F(1),8.75E+06,,,,,,,,,,,,,,,,,,,,,,,,,,,,,,,,,,,,,,,,,,,,,,,
TKPREEQYJSTYR,H(5)N(4),4.53E+08,,,,,,,,,,,,,,,,,,,,,,,,,,,,,,,,,,,,,,,,,,,,,,,
TKPREEQYJSTYR,H(8)N(2),6.10E+07,,,,,,,,,,,,,,,,,,,,,,,,,,,,,,,,,,,,,,,,,,,,,,,
TKPREEQYJSTYR,H(3)N(3),4.16E+07,,,,,,,,,,,,,,,,,,,,,,,,,,,,,,,,,,,,,,,,,,,,,,,
TKPREEQYJSTYR,H(5)N(3),1.57E+07,,,,,,,,,,,,,,,,,,,,,,,,,,,,,,,,,,,,,,,,,,,,,,,
YKJNSDISSTR,H(5)N(5)F(3),2.55E+07,,,,,,,,,,,,,,,,,,,,,,,,,,,,,,,,,,,,,,,,,,,,,,,
TKPREEQFJSTYR,H(3)N(2),1.41E+09,,,,,,,,,,,,,,,,,,,,,,,,,,,,,,,,,,,,,,,,,,,,,,,
TKPREEQYJSTYR,H(7)N(2)F(1),1.80E+07,,,,,,,,,,,,,,,,,,,,,,,,,,,,,,,,,,,,,,,,,,,,,,,
NEEYJK,H(5)N(4)A(1)F(2),3.37E+08,,,,,,,,,,,,,,,,,,,,,,,,,,,,,,,,,,,,,,,,,,,,,,,
TKPREEQYJSTYR,H(4)N(3),5.91E+08,,,,,,,,,,,,,,,,,,,,,,,,,,,,,,,,,,,,,,,,,,,,,,,
PREEQYJSTYR,H(3)N(5)F(2),5.61E+07,,,,,,,,,,,,,,,,,,,,,,,,,,,,,,,,,,,,,,,,,,,,,,,
TKPREEQFJSTYR,H(7)N(2)F(1),6.19E+07,,,,,,,,,,,,,,,,,,,,,,,,,,,,,,,,,,,,,,,,,,,,,,,
TKPREEQYJSTYR,H(3)N(5),2.92E+09,,,,,,,,,,,,,,,,,,,,,,,,,,,,,,,,,,,,,,,,,,,,,,,
TKPREEQYJSTYR,H(8)N(8)F(1),9.26E+06,,,,,,,,,,,,,,,,,,,,,,,,,,,,,,,,,,,,,,,,,,,,,,,
TKPREEQFJSTYR,H(4)N(2),6.27E+08,,,,,,,,,,,,,,,,,,,,,,,,,,,,,,,,,,,,,,,,,,,,,,,
TKPREEQYJSTYR,H(3)N(2),4.99E+07,,,,,,,,,,,,,,,,,,,,,,,,,,,,,,,,,,,,,,,,,,,,,,,
TKPREEQFJSTYR,H(4)N(3),5.81E+08,,,,,,,,,,,,,,,,,,,,,,,,,,,,,,,,,,,,,,,,,,,,,,,
YKJNSDISSTR,H(4)N(5)A(1)F(1),1.64E+08,,,,,,,,,,,,,,,,,,,,,,,,,,,,,,,,,,,,,,,,,,,,,,,
TKPREEQFJSTYR,H(5)N(4),2.88E+09,,,,,,,,,,,,,,,,,,,,,,,,,,,,,,,,,,,,,,,,,,,,,,,
TKPREEQYJSTYR,H(5)N(4)F(3),8.39E+06,,,,,,,,,,,,,,,,,,,,,,,,,,,,,,,,,,,,,,,,,,,,,,,
TKPREEQFJSTYR,H(4)N(4),9.29E+10,,,,,,,,,,,,,,,,,,,,,,,,,,,,,,,,,,,,,,,,,,,,,,,
TKPREEQYJSTYR,H(6)N(4),2.73E+08,,,,,,,,,,,,,,,,,,,,,,,,,,,,,,,,,,,,,,,,,,,,,,,
TKPREEQYJSTYR,H(5)N(5)F(1),5.75E+09,,,,,,,,,,,,,,,,,,,,,,,,,,,,,,,,,,,,,,,,,,,,,,,
TKPREEQYJSTYR,H(5)N(2)F(2),2.65E+08,,,,,,,,,,,,,,,,,,,,,,,,,,,,,,,,,,,,,,,,,,,,,,,
TKPREEQFJSTYR,H(6)N(5),5.73E+09,,,,,,,,,,,,,,,,,,,,,,,,,,,,,,,,,,,,,,,,,,,,,,,
TKPREEQYJSTYR,H(5)N(6),1.69E+08,,,,,,,,,,,,,,,,,,,,,,,,,,,,,,,,,,,,,,,,,,,,,,,
TKPREEQFJSTYR,H(4)N(3)F(3),3.05E+08,,,,,,,,,,,,,,,,,,,,,,,,,,,,,,,,,,,,,,,,,,,,,,,
TKPREEQFJSTYR,H(3)N(4),1.20E+09,,,,,,,,,,,,,,,,,,,,,,,,,,,,,,,,,,,,,,,,,,,,,,,
TKPREEQYJSTYR,H(8)N(3),1.41E+07,,,,,,,,,,,,,,,,,,,,,,,,,,,,,,,,,,,,,,,,,,,,,,,
TKPREEQYJSTYR,H(3)N(6),1.97E+09,,,,,,,,,,,,,,,,,,,,,,,,,,,,,,,,,,,,,,,,,,,,,,,
TKPREEQYJSTYR,H(8)N(2)F(1),1.29E+08,,,,,,,,,,,,,,,,,,,,,,,,,,,,,,,,,,,,,,,,,,,,,,,
TKPREEQYJSTYR,H(4)N(4)A(1),4.76E+06,,,,,,,,,,,,,,,,,,,,,,,,,,,,,,,,,,,,,,,,,,,,,,,
TKPREEQFJSTYR,H(6)N(3)F(1),8.92E+07,,,,,,,,,,,,,,,,,,,,,,,,,,,,,,,,,,,,,,,,,,,,,,,
KKEDALJETRESETK,H(5)N(4)A(2),2.76E+08,,,,,,,,,,,,,,,,,,,,,,,,,,,,,,,,,,,,,,,,,,,,,,,
TKPREEQYJSTYR,H(4)N(3)A(1)F(2),5.20E+08,,,,,,,,,,,,,,,,,,,,,,,,,,,,,,,,,,,,,,,,,,,,,,,
HJSTGCLR,H(6)N(5)A(3),9.45E+08,,,,,,,,,,,,,,,,,,,,,,,,,,,,,,,,,,,,,,,,,,,,,,,
TKPREEQYJSTYR,H(6)N(4)A(1)F(2),1.48E+07,,,,,,,,,,,,,,,,,,,,,,,,,,,,,,,,,,,,,,,,,,,,,,,
KKEDALJETRESETK,H(5)N(4)A(1),1.73E+07,,,,,,,,,,,,,,,,,,,,,,,,,,,,,,,,,,,,,,,,,,,,,,,
DLEAEHVEVEDTTLJR,H(4)N(4)A(2),4.62E+08,,,,,,,,,,,,,,,,,,,,,,,,,,,,,,,,,,,,,,,,,,,,,,,
GHVJITR,H(5)N(4)A(1),5.18E+08,,,,,,,,,,,,,,,,,,,,,,,,,,,,,,,,,,,,,,,,,,,,,,,
TKPREEQYJSTYR,H(5)N(3)A(2),1.10E+09,,,,,,,,,,,,,,,,,,,,,,,,,,,,,,,,,,,,,,,,,,,,,,,
NAHGEEKEJLTAR,H(5)N(4)A(2),1.10E+09,,,,,,,,,,,,,,,,,,,,,,,,,,,,,,,,,,,,,,,,,,,,,,,
EIRHJSTGCLR,H(6)N(5)A(2),4.62E+08,,,,,,,,,,,,,,,,,,,,,,,,,,,,,,,,,,,,,,,,,,,,,,,
TKPREEQYJSTYR,H(3)N(4)F(2),1.39E+08,,,,,,,,,,,,,,,,,,,,,,,,,,,,,,,,,,,,,,,,,,,,,,,
TKPREEQYJSTYR,H(6)N(4)A(2),3.09E+06,,,,,,,,,,,,,,,,,,,,,,,,,,,,,,,,,,,,,,,,,,,,,,,
NAHGEEKEJLTAR,H(4)N(3)A(1),8.52E+06,,,,,,,,,,,,,,,,,,,,,,,,,,,,,,,,,,,,,,,,,,,,,,,
NAHGEEKEJLTAR,H(3)N(5),5.09E+09,,,,,,,,,,,,,,,,,,,,,,,,,,,,,,,,,,,,,,,,,,,,,,,
JVTAEQAR,H(5)N(4)A(2),6.37E+08,,,,,,,,,,,,,,,,,,,,,,,,,,,,,,,,,,,,,,,,,,,,,,,
NAHGEEKEJLTAR,H(5)N(4)A(1),2.25E+07,,,,,,,,,,,,,,,,,,,,,,,,,,,,,,,,,,,,,,,,,,,,,,,
TKPREEQFJSTYR,H(4)N(5),6.73E+10,,,,,,,,,,,,,,,,,,,,,,,,,,,,,,,,,,,,,,,,,,,,,,,
EIRHJSTGCLR,H(4)N(3)A(1),7.97E+07,,,,,,,,,,,,,,,,,,,,,,,,,,,,,,,,,,,,,,,,,,,,,,,
YKJNSDISSTR,H(5)N(4)A(2)F(1),2.00E+08,,,,,,,,,,,,,,,,,,,,,,,,,,,,,,,,,,,,,,,,,,,,,,,
EIRHJSTGCLR,H(5)N(4)A(2),3.19E+09,,,,,,,,,,,,,,,,,,,,,,,,,,,,,,,,,,,,,,,,,,,,,,,
EIRHJSTGCLR,H(5)N(4)F(1),8.66E+06,,,,,,,,,,,,,,,,,,,,,,,,,,,,,,,,,,,,,,,,,,,,,,,
YKJNSDISSTR,H(5)N(5)A(2)F(1),8.78E+07,,,,,,,,,,,,,,,,,,,,,,,,,,,,,,,,,,,,,,,,,,,,,,,
TKPREEQYJSTYR,H(5)N(4)A(1)F(2),9.16E+07,,,,,,,,,,,,,,,,,,,,,,,,,,,,,,,,,,,,,,,,,,,,,,,
RNPSICLWQMGJDSR,H(4)N(5)A(1),1.01E+09,,,,,,,,,,,,,,,,,,,,,,,,,,,,,,,,,,,,,,,,,,,,,,,
TKPREEQYJSTYR,H(6)N(4)A(1),2.09E+08,,,,,,,,,,,,,,,,,,,,,,,,,,,,,,,,,,,,,,,,,,,,,,,
TKPREEQYJSTYR,H(6)N(3)A(1)F(1),1.06E+09,,,,,,,,,,,,,,,,,,,,,,,,,,,,,,,,,,,,,,,,,,,,,,,
TKPREEQYJSTYR,H(5)N(4)A(1),1.11E+09,,,,,,,,,,,,,,,,,,,,,,,,,,,,,,,,,,,,,,,,,,,,,,,
TKPREEQYJSTYR,H(5)N(5)A(1)F(1),7.98E+08,,,,,,,,,,,,,,,,,,,,,,,,,,,,,,,,,,,,,,,,,,,,,,,
PPKMARYDJGSGYR,H(3)N(4),4.61E+06,,,,,,,,,,,,,,,,,,,,,,,,,,,,,,,,,,,,,,,,,,,,,,,
TKPREEQYJSTYR,H(5)N(2)F(1),7.96E+06,,,,,,,,,,,,,,,,,,,,,,,,,,,,,,,,,,,,,,,,,,,,,,,
TKPREEQYJSTYR,H(5)N(3)A(1)F(1),9.12E+08,,,,,,,,,,,,,,,,,,,,,,,,,,,,,,,,,,,,,,,,,,,,,,,
TKPREEQYJSTYR,H(4)N(4)A(1)F(1),8.26E+09,,,,,,,,,,,,,,,,,,,,,,,,,,,,,,,,,,,,,,,,,,,,,,,
TKPREEQYJSTYR,H(4)N(3)A(1)F(1),1.08E+09,,,,,,,,,,,,,,,,,,,,,,,,,,,,,,,,,,,,,,,,,,,,,,,
TKPREEQYJSTYR,H(6)N(4)A(1)F(1),2.05E+08,,,,,,,,,,,,,,,,,,,,,,,,,,,,,,,,,,,,,,,,,,,,,,,
TKPREEQYJSTYR,H(4)N(4)F(3),1.26E+09,,,,,,,,,,,,,,,,,,,,,,,,,,,,,,,,,,,,,,,,,,,,,,,
MAKJGSEADIDEGLYSR,H(4)N(4)A(1),3.57E+08,,,,,,,,,,,,,,,,,,,,,,,,,,,,,,,,,,,,,,,,,,,,,,,
TKPREEQYJSTYR,H(4)N(5)A(1),2.53E+08,,,,,,,,,,,,,,,,,,,,,,,,,,,,,,,,,,,,,,,,,,,,,,,
PREEQYJSTYR,H(3)N(4)F(1),1.26E+08,,,,,,,,,,,,,,,,,,,,,,,,,,,,,,,,,,,,,,,,,,,,,,,
WVSJKTEGR,H(5)N(4)A(2),4.38E+09,,,,,,,,,,,,,,,,,,,,,,,,,,,,,,,,,,,,,,,,,,,,,,,
WVSJKTEGR,H(5)N(4)A(1),1.89E+08,,,,,,,,,,,,,,,,,,,,,,,,,,,,,,,,,,,,,,,,,,,,,,,
WVSJKTEGR,H(4)N(3)A(1),3.21E+07,,,,,,,,,,,,,,,,,,,,,,,,,,,,,,,,,,,,,,,,,,,,,,,
KKEDALJETR,H(6)N(5)A(3)F(1),7.10E+08,,,,,,,,,,,,,,,,,,,,,,,,,,,,,,,,,,,,,,,,,,,,,,,
JGTAVCATNR,H(4)N(3)F(2),2.29E+06,,,,,,,,,,,,,,,,,,,,,,,,,,,,,,,,,,,,,,,,,,,,,,,
TKPREEQYJSTYR,H(4)N(5)A(1)F(1),9.01E+08,,,,,,,,,,,,,,,,,,,,,,,,,,,,,,,,,,,,,,,,,,,,,,,
KKEDALJETRESETK,H(6)N(5)A(3)F(1),1.01E+09,,,,,,,,,,,,,,,,,,,,,,,,,,,,,,,,,,,,,,,,,,,,,,,
WVSJKTEGR,H(4)N(3),1.02E+06,,,,,,,,,,,,,,,,,,,,,,,,,,,,,,,,,,,,,,,,,,,,,,,
NEEYJK,H(6)N(5)A(3),2.18E+09,,,,,,,,,,,,,,,,,,,,,,,,,,,,,,,,,,,,,,,,,,,,,,,
JGTGHGJSTHHGPEYMR,H(9)N(7)A(2)F(2),5.97E+07,,,,,,,,,,,,,,,,,,,,,,,,,,,,,,,,,,,,,,,,,,,,,,,
KKEDALJETR,H(6)N(5)A(3),1.04E+09,,,,,,,,,,,,,,,,,,,,,,,,,,,,,,,,,,,,,,,,,,,,,,,
NEEYJK,H(6)N(5)A(3)F(1),1.45E+09,,,,,,,,,,,,,,,,,,,,,,,,,,,,,,,,,,,,,,,,,,,,,,,
WVSJKTEGR,H(4)N(5)F(4),490974,,,,,,,,,,,,,,,,,,,,,,,,,,,,,,,,,,,,,,,,,,,,,,,
JGTAVCATNR,H(5)N(4)A(2),1.09E+09,,,,,,,,,,,,,,,,,,,,,,,,,,,,,,,,,,,,,,,,,,,,,,,
AJISHKDMQLGR,H(5)N(4)A(2),4.30E+08,,,,,,,,,,,,,,,,,,,,,,,,,,,,,,,,,,,,,,,,,,,,,,,
LISJCSK,H(4)N(3)A(1),1.06E+08,,,,,,,,,,,,,,,,,,,,,,,,,,,,,,,,,,,,,,,,,,,,,,,
JGTGHGJSTHHGPEYMR,H(9)N(7)A(3),4.96E+07,,,,,,,,,,,,,,,,,,,,,,,,,,,,,,,,,,,,,,,,,,,,,,,
LISJCSK,H(5)N(4)A(2),4.42E+09,,,,,,,,,,,,,,,,,,,,,,,,,,,,,,,,,,,,,,,,,,,,,,,
LISJCSK,H(5)N(4)A(1),2.57E+07,,,,,,,,,,,,,,,,,,,,,,,,,,,,,,,,,,,,,,,,,,,,,,,
KKEDALJETRESETK,H(6)N(5)A(3),1.48E+09,,,,,,,,,,,,,,,,,,,,,,,,,,,,,,,,,,,,,,,,,,,,,,,
NAHGEEKEJLTAR,H(6)N(5)A(3)F(1),5.40E+08,,,,,,,,,,,,,,,,,,,,,,,,,,,,,,,,,,,,,,,,,,,,,,,
EEQYJSTYR,H(3)N(3)F(1),1.02E+10,,,,,,,,,,,,,,,,,,,,,,,,,,,,,,,,,,,,,,,,,,,,,,,
EEQYJSTYR,H(5)N(4)F(1),9.43E+09,,,,,,,,,,,,,,,,,,,,,,,,,,,,,,,,,,,,,,,,,,,,,,,
EEQYJSTYR,H(4)N(3)F(1),1.09E+08,,,,,,,,,,,,,,,,,,,,,,,,,,,,,,,,,,,,,,,,,,,,,,,
EEQYJSTYR,H(4)N(6)A(2),1.26E+09,,,,,,,,,,,,,,,,,,,,,,,,,,,,,,,,,,,,,,,,,,,,,,,
EEQYJSTYR,H(3)N(6)F(2),3.82E+06,,,,,,,,,,,,,,,,,,,,,,,,,,,,,,,,,,,,,,,,,,,,,,,
EEQYJSTYR,H(3)N(3),5.12E+08,,,,,,,,,,,,,,,,,,,,,,,,,,,,,,,,,,,,,,,,,,,,,,,
GHVJITR,H(5)N(4)A(2),3.63E+10,,,,,,,,,,,,,,,,,,,,,,,,,,,,,,,,,,,,,,,,,,,,,,,
GHVJITR,H(4)N(3)A(1),4.60E+08,,,,,,,,,,,,,,,,,,,,,,,,,,,,,,,,,,,,,,,,,,,,,,,
GHVJITR,H(5)N(4)F(2),1.60E+08,,,,,,,,,,,,,,,,,,,,,,,,,,,,,,,,,,,,,,,,,,,,,,,
GHVJITR,H(4)N(3),4.07E+07,,,,,,,,,,,,,,,,,,,,,,,,,,,,,,,,,,,,,,,,,,,,,,,
EEQYJSTYR,H(5)N(4),1.17E+08,,,,,,,,,,,,,,,,,,,,,,,,,,,,,,,,,,,,,,,,,,,,,,,
EEQYJSTYR,H(3)N(2)F(1),1.41E+08,,,,,,,,,,,,,,,,,,,,,,,,,,,,,,,,,,,,,,,,,,,,,,,
EEQYJSTYR,H(4)N(4),7.39E+08,,,,,,,,,,,,,,,,,,,,,,,,,,,,,,,,,,,,,,,,,,,,,,,
EEQYJSTYR,H(4)N(3),1.45E+08,,,,,,,,,,,,,,,,,,,,,,,,,,,,,,,,,,,,,,,,,,,,,,,
EEQYJSTYR,H(3)N(4),5.53E+08,,,,,,,,,,,,,,,,,,,,,,,,,,,,,,,,,,,,,,,,,,,,,,,
GHVJITR,H(4)N(4)A(1),5.53E+06,,,,,,,,,,,,,,,,,,,,,,,,,,,,,,,,,,,,,,,,,,,,,,,
GHVJITR,H(5)N(4),1.61E+06,,,,,,,,,,,,,,,,,,,,,,,,,,,,,,,,,,,,,,,,,,,,,,,
EEQYJSTYR,H(5)N(5)F(1),7.17E+08,,,,,,,,,,,,,,,,,,,,,,,,,,,,,,,,,,,,,,,,,,,,,,,
EEQYJSTYR,H(4)N(5),1.00E+09,,,,,,,,,,,,,,,,,,,,,,,,,,,,,,,,,,,,,,,,,,,,,,,
TKPREEQYJSTYR,H(5)N(4)A(2)F(1),7.65E+08,,,,,,,,,,,,,,,,,,,,,,,,,,,,,,,,,,,,,,,,,,,,,,,
EEQYJSTYR,H(4)N(5)F(1),5.58E+08,,,,,,,,,,,,,,,,,,,,,,,,,,,,,,,,,,,,,,,,,,,,,,,
GHVJITR,H(5)N(4)A(2)F(1),6.64E+08,,,,,,,,,,,,,,,,,,,,,,,,,,,,,,,,,,,,,,,,,,,,,,,
EEQYJSTYR,H(7)N(2)F(1),8.86E+08,,,,,,,,,,,,,,,,,,,,,,,,,,,,,,,,,,,,,,,,,,,,,,,
EEQYJSTYR,H(3)N(5),5.39E+08,,,,,,,,,,,,,,,,,,,,,,,,,,,,,,,,,,,,,,,,,,,,,,,
EEQYJSTYR,H(3)N(5)F(1),7.86E+09,,,,,,,,,,,,,,,,,,,,,,,,,,,,,,,,,,,,,,,,,,,,,,,
TKPREEQFJSTYR,H(3)N(6),1.04E+08,,,,,,,,,,,,,,,,,,,,,,,,,,,,,,,,,,,,,,,,,,,,,,,
QINSYVKJKTQGK,H(5)N(4)A(2),1.26E+08,,,,,,,,,,,,,,,,,,,,,,,,,,,,,,,,,,,,,,,,,,,,,,,
GHVJITR,H(5)N(4)A(1)F(2),2.90E+10,,,,,,,,,,,,,,,,,,,,,,,,,,,,,,,,,,,,,,,,,,,,,,,
TKPREEQFJSTYR,H(5)N(4)F(1),1.05E+08,,,,,,,,,,,,,,,,,,,,,,,,,,,,,,,,,,,,,,,,,,,,,,,
TKPREEQFJSTYR,H(4)N(4)F(1),2.39E+09,,,,,,,,,,,,,,,,,,,,,,,,,,,,,,,,,,,,,,,,,,,,,,,
TKPREEQFJSTYR,H(3)N(3)F(1),3.82E+08,,,,,,,,,,,,,,,,,,,,,,,,,,,,,,,,,,,,,,,,,,,,,,,
TKPREEQFJSTYR,H(4)N(3)F(1),1.28E+08,,,,,,,,,,,,,,,,,,,,,,,,,,,,,,,,,,,,,,,,,,,,,,,
SYJETKIK,H(5)N(4)A(2),4.30E+08,,,,,,,,,,,,,,,,,,,,,,,,,,,,,,,,,,,,,,,,,,,,,,,
TKPREEQFJSTYR,H(3)N(4)F(1),4.17E+08,,,,,,,,,,,,,,,,,,,,,,,,,,,,,,,,,,,,,,,,,,,,,,,
TKPREEQFJSTYR,H(4)N(5)F(1),6.46E+08,,,,,,,,,,,,,,,,,,,,,,,,,,,,,,,,,,,,,,,,,,,,,,,
DMJLTLEPEIMPAATDNR,H(3)N(4),5.37E+07,,,,,,,,,,,,,,,,,,,,,,,,,,,,,,,,,,,,,,,,,,,,,,,
DLJYCFSGMSDHR,H(3)N(3),9.90E+07,,,,,,,,,,,,,,,,,,,,,,,,,,,,,,,,,,,,,,,,,,,,,,,
QINSYVKJK,H(5)N(4)A(2),1.48E+08,,,,,,,,,,,,,,,,,,,,,,,,,,,,,,,,,,,,,,,,,,,,,,,
QINSYVKJK,H(5)N(4)A(2)F(1),1.42E+08,,,,,,,,,,,,,,,,,,,,,,,,,,,,,,,,,,,,,,,,,,,,,,,
EEQYJSTYR,H(5)N(4)A(1)F(1),3.65E+09,,,,,,,,,,,,,,,,,,,,,,,,,,,,,,,,,,,,,,,,,,,,,,,
EEQYJSTYR,H(4)N(4)A(1)F(1),9.75E+08,,,,,,,,,,,,,,,,,,,,,,,,,,,,,,,,,,,,,,,,,,,,,,,
EEQYJSTYR,H(4)N(3)A(1)F(1),1.12E+08,,,,,,,,,,,,,,,,,,,,,,,,,,,,,,,,,,,,,,,,,,,,,,,
TKPREEQFJSTYR,H(5)N(4)A(1)F(1),9.70E+08,,,,,,,,,,,,,,,,,,,,,,,,,,,,,,,,,,,,,,,,,,,,,,,
EEQYJSTYR,H(5)N(4)A(1),1.58E+08,,,,,,,,,,,,,,,,,,,,,,,,,,,,,,,,,,,,,,,,,,,,,,,
TKPREEQFJSTYR,H(4)N(4)A(1)F(1),4.16E+08,,,,,,,,,,,,,,,,,,,,,,,,,,,,,,,,,,,,,,,,,,,,,,,
VVJSTTGPGEHLR,H(5)N(4)A(1),2.14E+08,,,,,,,,,,,,,,,,,,,,,,,,,,,,,,,,,,,,,,,,,,,,,,,
GKGEGYRGTAJTTTAGVPCQR,H(5)N(4)A(2),4.04E+08,,,,,,,,,,,,,,,,,,,,,,,,,,,,,,,,,,,,,,,,,,,,,,,
EEQFJSTYR,H(4)N(3)F(1),3.82E+07,,,,,,,,,,,,,,,,,,,,,,,,,,,,,,,,,,,,,,,,,,,,,,,
EEQFJSTYR,H(4)N(4)F(1),3.61E+08,,,,,,,,,,,,,,,,,,,,,,,,,,,,,,,,,,,,,,,,,,,,,,,
TKPREEQFJSTFR,H(5)N(4)F(1),9.92E+08,,,,,,,,,,,,,,,,,,,,,,,,,,,,,,,,,,,,,,,,,,,,,,,
TKPREEQFJSTFR,H(3)N(3)F(1),2.54E+09,,,,,,,,,,,,,,,,,,,,,,,,,,,,,,,,,,,,,,,,,,,,,,,
TKPREEQFJSTFR,H(4)N(3)F(1),9.24E+08,,,,,,,,,,,,,,,,,,,,,,,,,,,,,,,,,,,,,,,,,,,,,,,
TKPREEQFJSTFR,H(4)N(4)F(1),1.73E+10,,,,,,,,,,,,,,,,,,,,,,,,,,,,,,,,,,,,,,,,,,,,,,,
TKPREEQFJSTFR,H(4)N(3),6.05E+06,,,,,,,,,,,,,,,,,,,,,,,,,,,,,,,,,,,,,,,,,,,,,,,
TKPREEQFJSTFR,H(3)N(2)F(1),1.71E+07,,,,,,,,,,,,,,,,,,,,,,,,,,,,,,,,,,,,,,,,,,,,,,,
TKPREEQFJSTFR,H(3)N(4)F(1),9.51E+06,,,,,,,,,,,,,,,,,,,,,,,,,,,,,,,,,,,,,,,,,,,,,,,
EEQFJSTYR,H(4)N(5)F(1),6.46E+06,,,,,,,,,,,,,,,,,,,,,,,,,,,,,,,,,,,,,,,,,,,,,,,
TKPREEQFJSTFR,H(4)N(4),1.97E+08,,,,,,,,,,,,,,,,,,,,,,,,,,,,,,,,,,,,,,,,,,,,,,,
TKPREEQFJSTFR,H(6)N(2),2.77E+07,,,,,,,,,,,,,,,,,,,,,,,,,,,,,,,,,,,,,,,,,,,,,,,
EEQFJSTYR,H(3)N(4)F(1),3.68E+08,,,,,,,,,,,,,,,,,,,,,,,,,,,,,,,,,,,,,,,,,,,,,,,
TKPREEQFJSTFR,H(5)N(5),2.58E+08,,,,,,,,,,,,,,,,,,,,,,,,,,,,,,,,,,,,,,,,,,,,,,,
YKDJFTAAGYNSLESVAR,H(3)N(2)F(1),7.40E+08,,,,,,,,,,,,,,,,,,,,,,,,,,,,,,,,,,,,,,,,,,,,,,,
TKPREEQFJSTFR,H(3)N(3),4.89E+06,,,,,,,,,,,,,,,,,,,,,,,,,,,,,,,,,,,,,,,,,,,,,,,
HYTJSSQDVTVPCR,H(5)N(4)A(1)F(1),3.90E+07,,,,,,,,,,,,,,,,,,,,,,,,,,,,,,,,,,,,,,,,,,,,,,,
TKPREEQFJSTFR,H(4)N(5)F(1),4.11E+09,,,,,,,,,,,,,,,,,,,,,,,,,,,,,,,,,,,,,,,,,,,,,,,
AJISHKDMQLGR,H(5)N(4)A(2)F(1),3.40E+08,,,,,,,,,,,,,,,,,,,,,,,,,,,,,,,,,,,,,,,,,,,,,,,
TKPREEQFJSTFR,H(5)N(5)F(1),9.99E+08,,,,,,,,,,,,,,,,,,,,,,,,,,,,,,,,,,,,,,,,,,,,,,,
TKPREEQFJSTFR,H(4)N(5),5.08E+07,,,,,,,,,,,,,,,,,,,,,,,,,,,,,,,,,,,,,,,,,,,,,,,
TKPREEQFJSTFR,H(3)N(5),3.79E+08,,,,,,,,,,,,,,,,,,,,,,,,,,,,,,,,,,,,,,,,,,,,,,,
TKPREEQFJSTFR,H(5)N(2)F(2),1.87E+07,,,,,,,,,,,,,,,,,,,,,,,,,,,,,,,,,,,,,,,,,,,,,,,
HYTJSSQDVTVPCR,H(5)N(5)A(1)F(1),4.52E+07,,,,,,,,,,,,,,,,,,,,,,,,,,,,,,,,,,,,,,,,,,,,,,,
TKPREEQFJSTFR,H(3)N(4),9.91E+07,,,,,,,,,,,,,,,,,,,,,,,,,,,,,,,,,,,,,,,,,,,,,,,
AJISHKDMQLGR,H(4)N(3)A(1),7.55E+07,,,,,,,,,,,,,,,,,,,,,,,,,,,,,,,,,,,,,,,,,,,,,,,
AJISHKDMQLGR,H(6)N(5)A(2)F(1),6.51E+06,,,,,,,,,,,,,,,,,,,,,,,,,,,,,,,,,,,,,,,,,,,,,,,
TKPREEQFJSTFR,H(3)N(5)F(1),5.38E+08,,,,,,,,,,,,,,,,,,,,,,,,,,,,,,,,,,,,,,,,,,,,,,,
AJISHKDMQLGR,H(5)N(4)A(1),1.15E+08,,,,,,,,,,,,,,,,,,,,,,,,,,,,,,,,,,,,,,,,,,,,,,,
VVJSTTGPGEHLR,H(5)N(4)A(2),2.23E+09,,,,,,,,,,,,,,,,,,,,,,,,,,,,,,,,,,,,,,,,,,,,,,,
DKMFSQJDTR,H(5)N(4)A(2),2.53E+08,,,,,,,,,,,,,,,,,,,,,,,,,,,,,,,,,,,,,,,,,,,,,,,
FLNJGTCTAEGK,H(5)N(4)A(1),4.96E+08,,,,,,,,,,,,,,,,,,,,,,,,,,,,,,,,,,,,,,,,,,,,,,,
RHEEGHMLJCTCFGQGR,H(5)N(4)A(2),6.04E+07,,,,,,,,,,,,,,,,,,,,,,,,,,,,,,,,,,,,,,,,,,,,,,,
MDGASJVTCINSR,H(5)N(4)A(1)F(1),2.44E+08,,,,,,,,,,,,,,,,,,,,,,,,,,,,,,,,,,,,,,,,,,,,,,,
HEEGHMLJCTCFGQGR,H(5)N(4)A(1),7.70E+07,,,,,,,,,,,,,,,,,,,,,,,,,,,,,,,,,,,,,,,,,,,,,,,
YAEDKFJETTEK,H(5)N(4)A(2),1.20E+09,,,,,,,,,,,,,,,,,,,,,,,,,,,,,,,,,,,,,,,,,,,,,,,
DTFVJASR,H(5)N(4)A(1)F(1),5.07E+08,,,,,,,,,,,,,,,,,,,,,,,,,,,,,,,,,,,,,,,,,,,,,,,
YAEDKFJETTEK,H(5)N(4)A(1),1.38E+08,,,,,,,,,,,,,,,,,,,,,,,,,,,,,,,,,,,,,,,,,,,,,,,
RJHSCEPCQTLAVR,H(5)N(4)A(1),1.55E+07,,,,,,,,,,,,,,,,,,,,,,,,,,,,,,,,,,,,,,,,,,,,,,,
MFSQJDTR,H(4)N(3)A(1),9.47E+06,,,,,,,,,,,,,,,,,,,,,,,,,,,,,,,,,,,,,,,,,,,,,,,
ICAMEGLPQKHJFSHCCSK,H(5)N(4)A(1)F(2),5.20E+08,,,,,,,,,,,,,,,,,,,,,,,,,,,,,,,,,,,,,,,,,,,,,,,
MFSQJDTR,H(5)N(4)A(2),8.69E+08,,,,,,,,,,,,,,,,,,,,,,,,,,,,,,,,,,,,,,,,,,,,,,,
ICAMEGLPQKHJFSHCCSK,H(5)N(4)A(2),3.34E+08,,,,,,,,,,,,,,,,,,,,,,,,,,,,,,,,,,,,,,,,,,,,,,,
YAEDKFJETTEK,H(5)N(4)A(2)F(1),2.31E+08,,,,,,,,,,,,,,,,,,,,,,,,,,,,,,,,,,,,,,,,,,,,,,,
YAEDKFJETTEK,H(4)N(3)A(1),3.15E+07,,,,,,,,,,,,,,,,,,,,,,,,,,,,,,,,,,,,,,,,,,,,,,,
ICAMEGLPQKHJFSHCCSK,H(5)N(4)A(1),8.37E+06,,,,,,,,,,,,,,,,,,,,,,,,,,,,,,,,,,,,,,,,,,,,,,,
KLINDYVKJGTR,H(5)N(4)A(1),4.06E+07,,,,,,,,,,,,,,,,,,,,,,,,,,,,,,,,,,,,,,,,,,,,,,,
DTFVJASR,H(5)N(4)A(1),2.18E+08,,,,,,,,,,,,,,,,,,,,,,,,,,,,,,,,,,,,,,,,,,,,,,,
VVPEGIRMJK,H(8)N(2),1.55E+08,,,,,,,,,,,,,,,,,,,,,,,,,,,,,,,,,,,,,,,,,,,,,,,
TKPREEQFJSTFR,H(5)N(4)A(1)F(1),4.30E+09,,,,,,,,,,,,,,,,,,,,,,,,,,,,,,,,,,,,,,,,,,,,,,,
MDGASJVTCINSR,H(5)N(4)F(1),6.36E+07,,,,,,,,,,,,,,,,,,,,,,,,,,,,,,,,,,,,,,,,,,,,,,,
TKPREEQFJSTFR,H(5)N(5)A(1)F(1),1.90E+08,,,,,,,,,,,,,,,,,,,,,,,,,,,,,,,,,,,,,,,,,,,,,,,
JYTLTGR,H(5)N(4)A(1)F(1),1.94E+08,,,,,,,,,,,,,,,,,,,,,,,,,,,,,,,,,,,,,,,,,,,,,,,
TKPREEQFJSTFR,H(4)N(4)A(1)F(1),2.77E+09,,,,,,,,,,,,,,,,,,,,,,,,,,,,,,,,,,,,,,,,,,,,,,,
TKPREEQFJSTFR,H(6)N(3)A(1)F(1),3.00E+08,,,,,,,,,,,,,,,,,,,,,,,,,,,,,,,,,,,,,,,,,,,,,,,
ISEEJETTCYMGK,H(5)N(4)A(2),8.66E+08,,,,,,,,,,,,,,,,,,,,,,,,,,,,,,,,,,,,,,,,,,,,,,,
ICAMEGLPQKHJFSHCCSKVDAQR,H(5)N(4)A(2),3.48E+07,,,,,,,,,,,,,,,,,,,,,,,,,,,,,,,,,,,,,,,,,,,,,,,
TKPREEQFJSTFR,H(4)N(3)A(1)F(1),3.55E+08,,,,,,,,,,,,,,,,,,,,,,,,,,,,,,,,,,,,,,,,,,,,,,,
SYJETKIKFDK,H(5)N(4)A(1),4.56E+07,,,,,,,,,,,,,,,,,,,,,,,,,,,,,,,,,,,,,,,,,,,,,,,
VTACHSSQPJATLYK,H(5)N(4)A(2),1.33E+09,,,,,,,,,,,,,,,,,,,,,,,,,,,,,,,,,,,,,,,,,,,,,,,
VTACHSSQPJATLYK,H(5)N(4)A(1),6.62E+07,,,,,,,,,,,,,,,,,,,,,,,,,,,,,,,,,,,,,,,,,,,,,,,
VTACHSSQPJATLYK,H(4)N(3)A(1),3.41E+07,,,,,,,,,,,,,,,,,,,,,,,,,,,,,,,,,,,,,,,,,,,,,,,
VTACHSSQPJATLYK,H(5)N(4)A(2)F(1),1.08E+08,,,,,,,,,,,,,,,,,,,,,,,,,,,,,,,,,,,,,,,,,,,,,,,
VTACHSSQPJATLYK,H(5)N(5)A(1)F(1),2.52E+07,,,,,,,,,,,,,,,,,,,,,,,,,,,,,,,,,,,,,,,,,,,,,,,
RHEEGHMLJCTCFGQGR,H(5)N(4)A(1),7.00E+07,,,,,,,,,,,,,,,,,,,,,,,,,,,,,,,,,,,,,,,,,,,,,,,
FVEGSHJSTVSLTTK,H(5)N(2),1.27E+07,,,,,,,,,,,,,,,,,,,,,,,,,,,,,,,,,,,,,,,,,,,,,,,
FLNJGTCTAEGK,H(5)N(4)A(2),6.75E+09,,,,,,,,,,,,,,,,,,,,,,,,,,,,,,,,,,,,,,,,,,,,,,,
HEEGHMLJCTCFGQGR,H(5)N(4)A(2),2.04E+08,,,,,,,,,,,,,,,,,,,,,,,,,,,,,,,,,,,,,,,,,,,,,,,
KLINDYVKJGTR,H(5)N(4)A(2),7.28E+09,,,,,,,,,,,,,,,,,,,,,,,,,,,,,,,,,,,,,,,,,,,,,,,
FLNJGTCTAEGK,H(4)N(3)A(1),5.91E+07,,,,,,,,,,,,,,,,,,,,,,,,,,,,,,,,,,,,,,,,,,,,,,,
LINDYVKJGTR,H(5)N(4)A(1),1.30E+08,,,,,,,,,,,,,,,,,,,,,,,,,,,,,,,,,,,,,,,,,,,,,,,
VYKPSAGJNSLYR,H(5)N(4)A(1),1.17E+08,,,,,,,,,,,,,,,,,,,,,,,,,,,,,,,,,,,,,,,,,,,,,,,
FLNJGTCTAEGK,H(5)N(4)A(1)F(2),1.63E+07,,,,,,,,,,,,,,,,,,,,,,,,,,,,,,,,,,,,,,,,,,,,,,,
KLINDYVKJGTR,H(4)N(3)A(1)F(1),8.87E+06,,,,,,,,,,,,,,,,,,,,,,,,,,,,,,,,,,,,,,,,,,,,,,,
KLINDYVKJGTR,H(5)N(4)A(2)F(1),2.40E+08,,,,,,,,,,,,,,,,,,,,,,,,,,,,,,,,,,,,,,,,,,,,,,,
KLINDYVKJGTR,H(4)N(3)A(1),2.39E+08,,,,,,,,,,,,,,,,,,,,,,,,,,,,,,,,,,,,,,,,,,,,,,,
KLINDYVKJGTR,H(4)N(4)A(1),1.83E+07,,,,,,,,,,,,,,,,,,,,,,,,,,,,,,,,,,,,,,,,,,,,,,,
FLNJGTCTAEGK,H(3)N(3)F(2),1.10E+06,,,,,,,,,,,,,,,,,,,,,,,,,,,,,,,,,,,,,,,,,,,,,,,
MDGASJVTCINSR,H(5)N(4)A(2),2.35E+09,,,,,,,,,,,,,,,,,,,,,,,,,,,,,,,,,,,,,,,,,,,,,,,
MDGASJVTCINSR,H(4)N(3)A(1),1.94E+07,,,,,,,,,,,,,,,,,,,,,,,,,,,,,,,,,,,,,,,,,,,,,,,
FLNJGTCTAEGK,H(6)N(7)F(1),7.51E+06,,,,,,,,,,,,,,,,,,,,,,,,,,,,,,,,,,,,,,,,,,,,,,,
GNVAVTVSGHTCQHWSAQTPHTHJR,H(5)N(4)A(2),4.00E+08,,,,,,,,,,,,,,,,,,,,,,,,,,,,,,,,,,,,,,,,,,,,,,,
FLNJGTCTAEGK,H(4)N(5)A(2)F(2),4.58E+07,,,,,,,,,,,,,,,,,,,,,,,,,,,,,,,,,,,,,,,,,,,,,,,
GNVAVTVSGHTCQHWSAQTPHTHJR,H(4)N(3)F(2),6.20E+06,,,,,,,,,,,,,,,,,,,,,,,,,,,,,,,,,,,,,,,,,,,,,,,
DFVJASSK,H(5)N(4)A(2),3.27E+08,,,,,,,,,,,,,,,,,,,,,,,,,,,,,,,,,,,,,,,,,,,,,,,
GNVAVTVSGHTCQHWSAQTPHTHJR,H(4)N(3)A(1),6.01E+06,,,,,,,,,,,,,,,,,,,,,,,,,,,,,,,,,,,,,,,,,,,,,,,
MDGASJVTCINSR,H(5)N(4)A(1),6.68E+07,,,,,,,,,,,,,,,,,,,,,,,,,,,,,,,,,,,,,,,,,,,,,,,
DJNSIITR,H(5)N(4)A(2),2.65E+08,,,,,,,,,,,,,,,,,,,,,,,,,,,,,,,,,,,,,,,,,,,,,,,
SHEIWTHSCPQSPGJGTDASH,H(5)N(4)A(2),2.15E+08,,,,,,,,,,,,,,,,,,,,,,,,,,,,,,,,,,,,,,,,,,,,,,,
MDGASJVTCINSR,H(4)N(3)F(1),1.93E+06,,,,,,,,,,,,,,,,,,,,,,,,,,,,,,,,,,,,,,,,,,,,,,,
MDGASJVTCINSR,H(4)N(3),3.71E+06,,,,,,,,,,,,,,,,,,,,,,,,,,,,,,,,,,,,,,,,,,,,,,,
AAINKWVSJKTEGR,H(5)N(4)A(2),1.50E+09,,,,,,,,,,,,,,,,,,,,,,,,,,,,,,,,,,,,,,,,,,,,,,,
DTFVJASR,H(5)N(4)A(2)F(1),1.86E+09,,,,,,,,,,,,,,,,,,,,,,,,,,,,,,,,,,,,,,,,,,,,,,,
SYJETKIKFDK,H(5)N(4)A(2),6.99E+08,,,,,,,,,,,,,,,,,,,,,,,,,,,,,,,,,,,,,,,,,,,,,,,
AAINKWVSJKTEGR,H(5)N(4)A(1),7.52E+07,,,,,,,,,,,,,,,,,,,,,,,,,,,,,,,,,,,,,,,,,,,,,,,
AAINKWVSJKTEGR,H(4)N(3)A(1),3.58E+07,,,,,,,,,,,,,,,,,,,,,,,,,,,,,,,,,,,,,,,,,,,,,,,
DTFVJASR,H(5)N(4)A(2),9.82E+09,,,,,,,,,,,,,,,,,,,,,,,,,,,,,,,,,,,,,,,,,,,,,,,
SYJETKIKFDK,H(4)N(3)A(1),5.17E+06,,,,,,,,,,,,,,,,,,,,,,,,,,,,,,,,,,,,,,,,,,,,,,,
TPLTAJITK,H(5)N(5)F(1),1.19E+08,,,,,,,,,,,,,,,,,,,,,,,,,,,,,,,,,,,,,,,,,,,,,,,
TPLTAJITK,H(4)N(4)F(1),9.00E+06,,,,,,,,,,,,,,,,,,,,,,,,,,,,,,,,,,,,,,,,,,,,,,,
JHSCEPCQTLAVR,H(5)N(4)A(2),4.60E+08,,,,,,,,,,,,,,,,,,,,,,,,,,,,,,,,,,,,,,,,,,,,,,,
MHVLHCQGRJYTLTGR,H(5)N(4)A(2)F(1),3.21E+08,,,,,,,,,,,,,,,,,,,,,,,,,,,,,,,,,,,,,,,,,,,,,,,
FVEGSHJSTVSLTTK,H(5)N(3)A(1),2.93E+08,,,,,,,,,,,,,,,,,,,,,,,,,,,,,,,,,,,,,,,,,,,,,,,
DTFVJASR,H(4)N(3)A(1),2.72E+08,,,,,,,,,,,,,,,,,,,,,,,,,,,,,,,,,,,,,,,,,,,,,,,
ISEEJETTCYMGK,H(5)N(4)A(1)F(1),2.84E+08,,,,,,,,,,,,,,,,,,,,,,,,,,,,,,,,,,,,,,,,,,,,,,,
ISEEJETTCYMGK,H(5)N(4)A(1),4.47E+08,,,,,,,,,,,,,,,,,,,,,,,,,,,,,,,,,,,,,,,,,,,,,,,
LQNNENJISCVER,H(5)N(4)A(2),4.34E+08,,,,,,,,,,,,,,,,,,,,,,,,,,,,,,,,,,,,,,,,,,,,,,,
SYJETKIKFDKYK,H(5)N(4)A(2),3.29E+07,,,,,,,,,,,,,,,,,,,,,,,,,,,,,,,,,,,,,,,,,,,,,,,
VYKPSAGJNSLYR,H(4)N(3)F(2),1.09E+08,,,,,,,,,,,,,,,,,,,,,,,,,,,,,,,,,,,,,,,,,,,,,,,
VYKPSAGJNSLYR,H(5)N(4)A(2),2.69E+09,,,,,,,,,,,,,,,,,,,,,,,,,,,,,,,,,,,,,,,,,,,,,,,
LINDYVKJGTR,H(5)N(4)A(2)F(1),3.07E+08,,,,,,,,,,,,,,,,,,,,,,,,,,,,,,,,,,,,,,,,,,,,,,,
VYKPSAGJNSLYR,H(5)N(4)A(2)F(1),8.31E+08,,,,,,,,,,,,,,,,,,,,,,,,,,,,,,,,,,,,,,,,,,,,,,,
LINDYVKJGTR,H(4)N(3)A(1),7.31E+07,,,,,,,,,,,,,,,,,,,,,,,,,,,,,,,,,,,,,,,,,,,,,,,
LINDYVKJGTR,H(5)N(4)A(2),6.80E+09,,,,,,,,,,,,,,,,,,,,,,,,,,,,,,,,,,,,,,,,,,,,,,,
VYKPSAGJNSLYR,H(4)N(3)A(1)F(1),8.16E+06,,,,,,,,,,,,,,,,,,,,,,,,,,,,,,,,,,,,,,,,,,,,,,,
EEQFJSTFR,H(5)N(4)F(1),1.18E+09,,,,,,,,,,,,,,,,,,,,,,,,,,,,,,,,,,,,,,,,,,,,,,,
VYKPSAGJNSLYR,H(4)N(3)A(1),1.16E+08,,,,,,,,,,,,,,,,,,,,,,,,,,,,,,,,,,,,,,,,,,,,,,,
EEQFJSTFR,H(4)N(4)F(1),2.70E+09,,,,,,,,,,,,,,,,,,,,,,,,,,,,,,,,,,,,,,,,,,,,,,,
KLINDYVKJGTR,H(6)N(5)A(3),2.17E+09,,,,,,,,,,,,,,,,,,,,,,,,,,,,,,,,,,,,,,,,,,,,,,,
EEQFJSTFR,H(4)N(5)F(1),7.30E+08,,,,,,,,,,,,,,,,,,,,,,,,,,,,,,,,,,,,,,,,,,,,,,,
EEQFJSTFR,H(4)N(3)F(1),3.45E+08,,,,,,,,,,,,,,,,,,,,,,,,,,,,,,,,,,,,,,,,,,,,,,,
QEPERJECFLQHKDDNPNLPR,H(5)N(4)A(1),3.56E+07,,,,,,,,,,,,,,,,,,,,,,,,,,,,,,,,,,,,,,,,,,,,,,,
LINDYVKJGTR,H(4)N(3)F(2),1.13E+07,,,,,,,,,,,,,,,,,,,,,,,,,,,,,,,,,,,,,,,,,,,,,,,
EEQFJSTFR,H(3)N(3)F(1),8.55E+08,,,,,,,,,,,,,,,,,,,,,,,,,,,,,,,,,,,,,,,,,,,,,,,
KLINDYVKJGTR,H(6)N(5)A(3)F(1),1.95E+09,,,,,,,,,,,,,,,,,,,,,,,,,,,,,,,,,,,,,,,,,,,,,,,
EEQFJSTFR,H(3)N(5)F(1),8.77E+08,,,,,,,,,,,,,,,,,,,,,,,,,,,,,,,,,,,,,,,,,,,,,,,
AAINKWVSJK,H(5)N(4)A(2),4.94E+08,,,,,,,,,,,,,,,,,,,,,,,,,,,,,,,,,,,,,,,,,,,,,,,
EEQFJSTFR,H(3)N(4)F(1),1.99E+09,,,,,,,,,,,,,,,,,,,,,,,,,,,,,,,,,,,,,,,,,,,,,,,
MDGASJVTCINSR,H(5)N(4)A(2)F(1),4.40E+08,,,,,,,,,,,,,,,,,,,,,,,,,,,,,,,,,,,,,,,,,,,,,,,
IDSTGJVTNELR,H(5)N(2),1.91E+07,,,,,,,,,,,,,,,,,,,,,,,,,,,,,,,,,,,,,,,,,,,,,,,
ICAMEGLPQKHJFSHCCSK,H(4)N(3)A(1),3.39E+07,,,,,,,,,,,,,,,,,,,,,,,,,,,,,,,,,,,,,,,,,,,,,,,
TPLTAJITK,H(5)N(4)A(1)F(1),8.74E+08,,,,,,,,,,,,,,,,,,,,,,,,,,,,,,,,,,,,,,,,,,,,,,,
TPLTAJITK,H(4)N(3)F(1),1.59E+07,,,,,,,,,,,,,,,,,,,,,,,,,,,,,,,,,,,,,,,,,,,,,,,
MDGASJVTCINSR,H(4)N(3)F(2),1.03E+08,,,,,,,,,,,,,,,,,,,,,,,,,,,,,,,,,,,,,,,,,,,,,,,
TPLTAJITK,H(3)N(3)F(1),3.44E+06,,,,,,,,,,,,,,,,,,,,,,,,,,,,,,,,,,,,,,,,,,,,,,,
MDGASJVTCINSR,H(6)N(7)A(2)F(1),3.07E+08,,,,,,,,,,,,,,,,,,,,,,,,,,,,,,,,,,,,,,,,,,,,,,,
IPCSQPPQIEHGTIJSSR,H(5)N(4)A(1)F(1),4.96E+08,,,,,,,,,,,,,,,,,,,,,,,,,,,,,,,,,,,,,,,,,,,,,,,
MDGASJVTCINSR,H(5)N(4)A(1)F(2),4.14E+07,,,,,,,,,,,,,,,,,,,,,,,,,,,,,,,,,,,,,,,,,,,,,,,
QEPERJECFLQHKDDNPNLPR,H(5)N(4)A(2),1.96E+09,,,,,,,,,,,,,,,,,,,,,,,,,,,,,,,,,,,,,,,,,,,,,,,
MDGASJVTCINSR,H(3)N(3)F(2),5.64E+06,,,,,,,,,,,,,,,,,,,,,,,,,,,,,,,,,,,,,,,,,,,,,,,
IPCSQPPQIEHGTIJSSR,H(5)N(4)A(1),3.36E+08,,,,,,,,,,,,,,,,,,,,,,,,,,,,,,,,,,,,,,,,,,,,,,,
QEPERJECFLQHKDDNPNLPR,H(4)N(3)A(1),1.21E+07,,,,,,,,,,,,,,,,,,,,,,,,,,,,,,,,,,,,,,,,,,,,,,,
CJDTIPEDYETHQLR,H(9)N(2),2.00E+07,,,,,,,,,,,,,,,,,,,,,,,,,,,,,,,,,,,,,,,,,,,,,,,
GVNFJVSK,H(5)N(4)A(1),3.99E+08,,,,,,,,,,,,,,,,,,,,,,,,,,,,,,,,,,,,,,,,,,,,,,,
DIENFJSTQK,H(5)N(4)A(2),5.16E+09,,,,,,,,,,,,,,,,,,,,,,,,,,,,,,,,,,,,,,,,,,,,,,,
AFGSNPJLTK,H(5)N(4)A(2),1.32E+09,,,,,,,,,,,,,,,,,,,,,,,,,,,,,,,,,,,,,,,,,,,,,,,
GVNFJVSK,H(4)N(3),7.45E+06,,,,,,,,,,,,,,,,,,,,,,,,,,,,,,,,,,,,,,,,,,,,,,,
VYKPSAGJNSLYR,H(6)N(5)A(3)F(1),7.79E+08,,,,,,,,,,,,,,,,,,,,,,,,,,,,,,,,,,,,,,,,,,,,,,,
HEEGHMLJCTCFGQGR,H(4)N(3)A(1),4.31E+06,,,,,,,,,,,,,,,,,,,,,,,,,,,,,,,,,,,,,,,,,,,,,,,
DIENFJSTQK,H(5)N(4)F(2),815036,,,,,,,,,,,,,,,,,,,,,,,,,,,,,,,,,,,,,,,,,,,,,,,
LINDYVKJGTR,H(6)N(5)A(3),9.58E+08,,,,,,,,,,,,,,,,,,,,,,,,,,,,,,,,,,,,,,,,,,,,,,,
KCGJCSLTTLKDEDFCKR,H(5)N(4)A(2),1.55E+08,,,,,,,,,,,,,,,,,,,,,,,,,,,,,,,,,,,,,,,,,,,,,,,
EEQFJSTFR,H(5)N(4)A(1)F(1),6.72E+08,,,,,,,,,,,,,,,,,,,,,,,,,,,,,,,,,,,,,,,,,,,,,,,
ISEEJETTCYMGK,H(4)N(3)A(1),1.38E+07,,,,,,,,,,,,,,,,,,,,,,,,,,,,,,,,,,,,,,,,,,,,,,,
ISEEJETTCYMGK,H(4)N(3)F(2),1.72E+07,,,,,,,,,,,,,,,,,,,,,,,,,,,,,,,,,,,,,,,,,,,,,,,
DIENFJSTQK,H(5)N(4)A(1),6.14E+07,,,,,,,,,,,,,,,,,,,,,,,,,,,,,,,,,,,,,,,,,,,,,,,
SRYPHKPEIJSTTHPGADLQEJFCR,H(5)N(4)A(1),9.55E+07,,,,,,,,,,,,,,,,,,,,,,,,,,,,,,,,,,,,,,,,,,,,,,,
SRYPHKPEIJSTTHPGADLQEJFCR,H(5)N(3)A(1),1.02E+07,,,,,,,,,,,,,,,,,,,,,,,,,,,,,,,,,,,,,,,,,,,,,,,
SRYPHKPEIJSTTHPGADLQEJFCR,H(5)N(3)F(2),9.37E+06,,,,,,,,,,,,,,,,,,,,,,,,,,,,,,,,,,,,,,,,,,,,,,,
EEQFJSTFR,H(4)N(4)A(1)F(1),4.50E+08,,,,,,,,,,,,,,,,,,,,,,,,,,,,,,,,,,,,,,,,,,,,,,,
IPCSQPPQIEHGTIJSSR,H(6)N(5)A(2)F(1),3.23E+08,,,,,,,,,,,,,,,,,,,,,,,,,,,,,,,,,,,,,,,,,,,,,,,
IPCSQPPQIEHGTIJSSR,H(4)N(3)A(1)F(1),2.98E+07,,,,,,,,,,,,,,,,,,,,,,,,,,,,,,,,,,,,,,,,,,,,,,,
IPCSQPPQIEHGTIJSSR,H(3)N(3)F(2),8.81E+07,,,,,,,,,,,,,,,,,,,,,,,,,,,,,,,,,,,,,,,,,,,,,,,
IPCSQPPQIEHGTIJSSR,H(5)N(4)A(2)F(1),2.07E+09,,,,,,,,,,,,,,,,,,,,,,,,,,,,,,,,,,,,,,,,,,,,,,,
KLHINHNJLTESVGPLPK,H(5)N(4)F(1),9.11E+06,,,,,,,,,,,,,,,,,,,,,,,,,,,,,,,,,,,,,,,,,,,,,,,
IPCSQPPQIEHGTIJSSR,H(5)N(4)A(2),1.29E+10,,,,,,,,,,,,,,,,,,,,,,,,,,,,,,,,,,,,,,,,,,,,,,,
IPCSQPPQIEHGTIJSSR,H(4)N(3)A(1),5.03E+08,,,,,,,,,,,,,,,,,,,,,,,,,,,,,,,,,,,,,,,,,,,,,,,
QSVPAHFVALJGSK,H(8)N(2),8.97E+07,,,,,,,,,,,,,,,,,,,,,,,,,,,,,,,,,,,,,,,,,,,,,,,
QSVPAHFVALJGSK,H(7)N(2),2.99E+08,,,,,,,,,,,,,,,,,,,,,,,,,,,,,,,,,,,,,,,,,,,,,,,
FSDGLESJSSTQFEVKK,H(10)N(2),5.19E+08,,,,,,,,,,,,,,,,,,,,,,,,,,,,,,,,,,,,,,,,,,,,,,,
FSDGLESJSSTQFEVKK,H(9)N(2),3.58E+08,,,,,,,,,,,,,,,,,,,,,,,,,,,,,,,,,,,,,,,,,,,,,,,
FSDGLESJSSTQFEVKK,H(7)N(2),4.10E+08,,,,,,,,,,,,,,,,,,,,,,,,,,,,,,,,,,,,,,,,,,,,,,,
FSDGLESJSSTQFEVKK,H(5)N(2),7.20E+07,,,,,,,,,,,,,,,,,,,,,,,,,,,,,,,,,,,,,,,,,,,,,,,
FSDGLESJSSTQFEVKK,H(6)N(2),2.18E+08,,,,,,,,,,,,,,,,,,,,,,,,,,,,,,,,,,,,,,,,,,,,,,,
FSDGLESJSSTQFEVKK,H(4)N(2),2.86E+07,,,,,,,,,,,,,,,,,,,,,,,,,,,,,,,,,,,,,,,,,,,,,,,
QSVPAHFVALJGSK,H(6)N(2),2.01E+08,,,,,,,,,,,,,,,,,,,,,,,,,,,,,,,,,,,,,,,,,,,,,,,
FSDGLESJSSTQFEVKK,H(3)N(2),2.44E+06,,,,,,,,,,,,,,,,,,,,,,,,,,,,,,,,,,,,,,,,,,,,,,,
FSDGLESJSSTQFEVKK,H(8)N(2),2.78E+08,,,,,,,,,,,,,,,,,,,,,,,,,,,,,,,,,,,,,,,,,,,,,,,
MASJVTJKTDPRSMNSR,H(8)N(2),5.15E+07,,,,,,,,,,,,,,,,,,,,,,,,,,,,,,,,,,,,,,,,,,,,,,,
QSVPAHFVALJGSK,H(5)N(2),3.38E+07,,,,,,,,,,,,,,,,,,,,,,,,,,,,,,,,,,,,,,,,,,,,,,,
SRYPHKPEIJSTTHPGADLQEJFCR,H(5)N(4)A(2),8.57E+09,,,,,,,,,,,,,,,,,,,,,,,,,,,,,,,,,,,,,,,,,,,,,,,
SRYPHKPEIJSTTHPGADLQEJFCR,H(5)N(4)A(2)F(1),3.36E+08,,,,,,,,,,,,,,,,,,,,,,,,,,,,,,,,,,,,,,,,,,,,,,,
SRYPHKPEIJSTTHPGADLQEJFCR,H(12)N(2),4.90E+07,,,,,,,,,,,,,,,,,,,,,,,,,,,,,,,,,,,,,,,,,,,,,,,
SRYPHKPEIJSTTHPGADLQEJFCR,H(4)N(3)A(1),4.13E+07,,,,,,,,,,,,,,,,,,,,,,,,,,,,,,,,,,,,,,,,,,,,,,,
DLLRJCCNTENPPGCYR,H(5)N(4)A(2),3.71E+08,,,,,,,,,,,,,,,,,,,,,,,,,,,,,,,,,,,,,,,,,,,,,,,
KLHINHNJLTESVGPLPK,H(6)N(5)A(1)F(1),6.64E+07,,,,,,,,,,,,,,,,,,,,,,,,,,,,,,,,,,,,,,,,,,,,,,,
SRYPHKPEIJSTTHPGADLQEJFCR,H(4)N(3)F(2),4.15E+07,,,,,,,,,,,,,,,,,,,,,,,,,,,,,,,,,,,,,,,,,,,,,,,
LGJWSAMPSCK,H(5)N(4)A(2),3.07E+08,,,,,,,,,,,,,,,,,,,,,,,,,,,,,,,,,,,,,,,,,,,,,,,
KLHINHNJLTESVGPLPK,H(5)N(4)A(1)F(1),2.74E+08,,,,,,,,,,,,,,,,,,,,,,,,,,,,,,,,,,,,,,,,,,,,,,,
GVNFJVSK,H(5)N(4)A(2),3.49E+09,,,,,,,,,,,,,,,,,,,,,,,,,,,,,,,,,,,,,,,,,,,,,,,
DLRJMTVADSGTNHDSR,H(4)N(4)F(1),1.77E+08,,,,,,,,,,,,,,,,,,,,,,,,,,,,,,,,,,,,,,,,,,,,,,,
GVNFJVSK,H(4)N(3)A(1),2.18E+08,,,,,,,,,,,,,,,,,,,,,,,,,,,,,,,,,,,,,,,,,,,,,,,
KCGJCSLTTLKDEDFCK,H(5)N(4)A(2),9.63E+07,,,,,,,,,,,,,,,,,,,,,,,,,,,,,,,,,,,,,,,,,,,,,,,
EJISDPTSPLR,H(5)N(4)A(1),4.76E+08,,,,,,,,,,,,,,,,,,,,,,,,,,,,,,,,,,,,,,,,,,,,,,,
VLJFTTK,H(5)N(4)A(1),2.16E+08,,,,,,,,,,,,,,,,,,,,,,,,,,,,,,,,,,,,,,,,,,,,,,,
CATPHGDJASLEATFVKR,H(5)N(4)A(2)F(1),6.73E+07,,,,,,,,,,,,,,,,,,,,,,,,,,,,,,,,,,,,,,,,,,,,,,,
GKEGHFYYJISEVK,H(5)N(4)A(1)F(1),6.34E+07,,,,,,,,,,,,,,,,,,,,,,,,,,,,,,,,,,,,,,,,,,,,,,,
CGJCSLTTLKDEDFCKR,H(5)N(4)A(2),4.23E+08,,,,,,,,,,,,,,,,,,,,,,,,,,,,,,,,,,,,,,,,,,,,,,,
EHEGAIYPDJTTDFQR,H(5)N(4)A(2)F(1),1.93E+09,,,,,,,,,,,,,,,,,,,,,,,,,,,,,,,,,,,,,,,,,,,,,,,
LHINHNJLTESVGPLPK,H(4)N(4)A(2),4.45E+06,,,,,,,,,,,,,,,,,,,,,,,,,,,,,,,,,,,,,,,,,,,,,,,
EHEGAIYPDJTTDFQR,H(5)N(4)A(1)F(1),5.14E+07,,,,,,,,,,,,,,,,,,,,,,,,,,,,,,,,,,,,,,,,,,,,,,,
QSVPAHFVALJGSK,H(6)N(3)A(1),9.71E+07,,,,,,,,,,,,,,,,,,,,,,,,,,,,,,,,,,,,,,,,,,,,,,,
EHEGAIYPDJTTDFQR,H(4)N(3)F(3),2.07E+07,,,,,,,,,,,,,,,,,,,,,,,,,,,,,,,,,,,,,,,,,,,,,,,
EHEGAIYPDJTTDFQR,H(5)N(4)A(1)F(2),3.83E+09,,,,,,,,,,,,,,,,,,,,,,,,,,,,,,,,,,,,,,,,,,,,,,,
EHEGAIYPDJTTDFQR,H(4)N(3)A(1)F(1),3.01E+07,,,,,,,,,,,,,,,,,,,,,,,,,,,,,,,,,,,,,,,,,,,,,,,
KLHINHNJLTESVGPLPK,H(6)N(5)A(2)F(1),9.54E+07,,,,,,,,,,,,,,,,,,,,,,,,,,,,,,,,,,,,,,,,,,,,,,,
GVNFJVSKVSSVEECQKR,H(5)N(4)A(1),4.28E+07,,,,,,,,,,,,,,,,,,,,,,,,,,,,,,,,,,,,,,,,,,,,,,,
YPHKPEIJSTTHPGADLQEJFCR,H(5)N(4)A(2),6.53E+08,,,,,,,,,,,,,,,,,,,,,,,,,,,,,,,,,,,,,,,,,,,,,,,
KLHINHNJLTESVGPLPK,H(6)N(5)F(3),3.35E+06,,,,,,,,,,,,,,,,,,,,,,,,,,,,,,,,,,,,,,,,,,,,,,,
EHEGAIYPDJTTDFQR,H(5)N(4)A(2),3.36E+09,,,,,,,,,,,,,,,,,,,,,,,,,,,,,,,,,,,,,,,,,,,,,,,
EHEGAIYPDJTTDFQR,H(4)N(3)A(1),7.07E+07,,,,,,,,,,,,,,,,,,,,,,,,,,,,,,,,,,,,,,,,,,,,,,,
YPHKPEIJSTTHPGADLQEJFCR,H(5)N(4)F(2),1.13E+07,,,,,,,,,,,,,,,,,,,,,,,,,,,,,,,,,,,,,,,,,,,,,,,
YPHKPEIJSTTHPGADLQEJFCR,H(5)N(4)A(1),8.76E+06,,,,,,,,,,,,,,,,,,,,,,,,,,,,,,,,,,,,,,,,,,,,,,,
EHEGAIYPDJTTDFQR,H(3)N(3)F(2),4.91E+06,,,,,,,,,,,,,,,,,,,,,,,,,,,,,,,,,,,,,,,,,,,,,,,
GLJVTLSSTGR,H(5)N(4)A(1)F(1),4.55E+08,,,,,,,,,,,,,,,,,,,,,,,,,,,,,,,,,,,,,,,,,,,,,,,
EHEGAIYPDJTTDFQR,H(5)N(4)A(1),1.78E+08,,,,,,,,,,,,,,,,,,,,,,,,,,,,,,,,,,,,,,,,,,,,,,,
KLHINHNJLTESVGPLPK,H(5)N(4)A(2)F(1),1.63E+08,,,,,,,,,,,,,,,,,,,,,,,,,,,,,,,,,,,,,,,,,,,,,,,
KLHINHNJLTESVGPLPK,H(5)N(4)A(1)F(3),1.94E+07,,,,,,,,,,,,,,,,,,,,,,,,,,,,,,,,,,,,,,,,,,,,,,,
GLJVTLSSTGR,H(5)N(4)A(1),3.70E+08,,,,,,,,,,,,,,,,,,,,,,,,,,,,,,,,,,,,,,,,,,,,,,,
LHINHNJLTESVGPLPK,H(6)N(5)A(1)F(1),1.68E+08,,,,,,,,,,,,,,,,,,,,,,,,,,,,,,,,,,,,,,,,,,,,,,,
EHEGAIYPDJTTDFQR,H(3)N(7)F(2),1.05E+09,,,,,,,,,,,,,,,,,,,,,,,,,,,,,,,,,,,,,,,,,,,,,,,
LHINHNJLTESVGPLPK,H(5)N(4)A(1)F(1),2.67E+08,,,,,,,,,,,,,,,,,,,,,,,,,,,,,,,,,,,,,,,,,,,,,,,
GLJVTLSSTGR,H(4)N(3)A(1),1.36E+07,,,,,,,,,,,,,,,,,,,,,,,,,,,,,,,,,,,,,,,,,,,,,,,
SPDVIJGSPISQK,H(5)N(4)A(2),9.74E+07,,,,,,,,,,,,,,,,,,,,,,,,,,,,,,,,,,,,,,,,,,,,,,,
JGTLVAFR,H(6)N(3)A(1),6.14E+07,,,,,,,,,,,,,,,,,,,,,,,,,,,,,,,,,,,,,,,,,,,,,,,
HIPGLIHJMTAR,H(5)N(4)A(2)F(1),5.44E+07,,,,,,,,,,,,,,,,,,,,,,,,,,,,,,,,,,,,,,,,,,,,,,,
FSDGLESJSSTQFEVK,H(9)N(2),2.58E+08,,,,,,,,,,,,,,,,,,,,,,,,,,,,,,,,,,,,,,,,,,,,,,,
EJISDPTSPLR,H(5)N(4)A(2),3.88E+08,,,,,,,,,,,,,,,,,,,,,,,,,,,,,,,,,,,,,,,,,,,,,,,
GKEGHFYYJISEVK,H(5)N(4)A(2)F(1),1.17E+08,,,,,,,,,,,,,,,,,,,,,,,,,,,,,,,,,,,,,,,,,,,,,,,
LHINHNJLTESVGPLPK,H(7)N(6)A(2)F(1),5.88E+07,,,,,,,,,,,,,,,,,,,,,,,,,,,,,,,,,,,,,,,,,,,,,,,
GVNFJVSKVSSVEECQKR,H(5)N(4)A(2),5.68E+08,,,,,,,,,,,,,,,,,,,,,,,,,,,,,,,,,,,,,,,,,,,,,,,
NJATVHEQVGGPSLTSDLQAQSK,H(5)N(4)A(2),5.68E+07,,,,,,,,,,,,,,,,,,,,,,,,,,,,,,,,,,,,,,,,,,,,,,,
FSDGLESJSSTQFEVK,H(10)N(2),4.49E+08,,,,,,,,,,,,,,,,,,,,,,,,,,,,,,,,,,,,,,,,,,,,,,,
FSDGLESJSSTQFEVK,H(4)N(4)A(1)F(2),3.55E+07,,,,,,,,,,,,,,,,,,,,,,,,,,,,,,,,,,,,,,,,,,,,,,,
FSDGLESJSSTQFEVK,H(8)N(2),1.67E+09,,,,,,,,,,,,,,,,,,,,,,,,,,,,,,,,,,,,,,,,,,,,,,,
FSDGLESJSSTQFEVK,H(6)N(2),1.12E+08,,,,,,,,,,,,,,,,,,,,,,,,,,,,,,,,,,,,,,,,,,,,,,,
FSDGLESJSSTQFEVK,H(7)N(2),4.37E+08,,,,,,,,,,,,,,,,,,,,,,,,,,,,,,,,,,,,,,,,,,,,,,,
FSDGLESJSSTQFEVK,H(4)N(2),1.64E+07,,,,,,,,,,,,,,,,,,,,,,,,,,,,,,,,,,,,,,,,,,,,,,,
FSDGLESJSSTQFEVK,H(5)N(2),4.10E+07,,,,,,,,,,,,,,,,,,,,,,,,,,,,,,,,,,,,,,,,,,,,,,,
VLJFTTK,H(5)N(4)A(2),6.85E+09,,,,,,,,,,,,,,,,,,,,,,,,,,,,,,,,,,,,,,,,,,,,,,,
LVPHMJVSAVEK,H(5)N(4)A(2),1.47E+08,,,,,,,,,,,,,,,,,,,,,,,,,,,,,,,,,,,,,,,,,,,,,,,
FSDGLESJSSTQFEVK,H(3)N(2),4.94E+06,,,,,,,,,,,,,,,,,,,,,,,,,,,,,,,,,,,,,,,,,,,,,,,
VLJFTTK,H(4)N(3)A(1),1.73E+08,,,,,,,,,,,,,,,,,,,,,,,,,,,,,,,,,,,,,,,,,,,,,,,
ERSWPAVGJCSSALR,H(5)N(4)A(2),3.44E+08,,,,,,,,,,,,,,,,,,,,,,,,,,,,,,,,,,,,,,,,,,,,,,,
EHEGAIYPDJTTDFQR,H(6)N(5)A(3)F(1),2.16E+09,,,,,,,,,,,,,,,,,,,,,,,,,,,,,,,,,,,,,,,,,,,,,,,
IJHCRFDEFFSEGCAPGSKK,H(5)N(4)A(1),6.66E+07,,,,,,,,,,,,,,,,,,,,,,,,,,,,,,,,,,,,,,,,,,,,,,,
LGJWSAMPSCK,H(5)N(4)A(1),1.57E+08,,,,,,,,,,,,,,,,,,,,,,,,,,,,,,,,,,,,,,,,,,,,,,,
EHEGAIYPDJTTDFQR,H(6)N(5)A(3),1.44E+09,,,,,,,,,,,,,,,,,,,,,,,,,,,,,,,,,,,,,,,,,,,,,,,
ELHHLQEQJVSNAFLDK,H(5)N(4)A(2)F(1),9.35E+07,,,,,,,,,,,,,,,,,,,,,,,,,,,,,,,,,,,,,,,,,,,,,,,
KYNSQJQSNNQFVLYR,H(5)N(4)A(2),7.84E+07,,,,,,,,,,,,,,,,,,,,,,,,,,,,,,,,,,,,,,,,,,,,,,,
VLJFTTK,H(3)N(3)F(2),7.84E+06,,,,,,,,,,,,,,,,,,,,,,,,,,,,,,,,,,,,,,,,,,,,,,,
LSDLSIJSTECLHVHCR,H(5)N(4)A(2)F(1),3.79E+08,,,,,,,,,,,,,,,,,,,,,,,,,,,,,,,,,,,,,,,,,,,,,,,
LSDLSIJSTECLHVHCR,H(5)N(4)A(2),1.26E+09,,,,,,,,,,,,,,,,,,,,,,,,,,,,,,,,,,,,,,,,,,,,,,,
GLJVTLSSTGR,H(5)N(4)A(2)F(1),2.36E+09,,,,,,,,,,,,,,,,,,,,,,,,,,,,,,,,,,,,,,,,,,,,,,,
LHINHNJLTESVGPLPK,H(5)N(4)A(2)F(1),4.20E+08,,,,,,,,,,,,,,,,,,,,,,,,,,,,,,,,,,,,,,,,,,,,,,,
LSDLSIJSTECLHVHCR,H(4)N(3)A(1),8.12E+06,,,,,,,,,,,,,,,,,,,,,,,,,,,,,,,,,,,,,,,,,,,,,,,
LDVDQALJR,H(5)N(4)A(2),1.29E+09,,,,,,,,,,,,,,,,,,,,,,,,,,,,,,,,,,,,,,,,,,,,,,,
GLJVTLSSTGR,H(5)N(4)A(2),2.34E+10,,,,,,,,,,,,,,,,,,,,,,,,,,,,,,,,,,,,,,,,,,,,,,,
EHEGAIYPDJTTDFQR,H(6)N(5)A(2)F(2),2.37E+08,,,,,,,,,,,,,,,,,,,,,,,,,,,,,,,,,,,,,,,,,,,,,,,
GLJVTLSSTGR,H(3)N(3)F(2),6.40E+07,,,,,,,,,,,,,,,,,,,,,,,,,,,,,,,,,,,,,,,,,,,,,,,
LSDLSIJSTECLHVHCR,H(5)N(4)A(1)F(2),1.15E+09,,,,,,,,,,,,,,,,,,,,,,,,,,,,,,,,,,,,,,,,,,,,,,,
LKKEGYSJISYIVVNHQGISSR,H(5)N(4)A(2),6.95E+07,,,,,,,,,,,,,,,,,,,,,,,,,,,,,,,,,,,,,,,,,,,,,,,
GLJVTLSSTGR,H(3)N(2),1.31E+06,,,,,,,,,,,,,,,,,,,,,,,,,,,,,,,,,,,,,,,,,,,,,,,
PYTFHSHGITYYKEHEGAIYPDJTTDFQR,H(5)N(4)A(1)F(3),3.05E+08,,,,,,,,,,,,,,,,,,,,,,,,,,,,,,,,,,,,,,,,,,,,,,,
PYTFHSHGITYYKEHEGAIYPDJTTDFQR,H(12)N(2),3.04E+08,,,,,,,,,,,,,,,,,,,,,,,,,,,,,,,,,,,,,,,,,,,,,,,
PYTFHSHGITYYKEHEGAIYPDJTTDFQR,H(5)N(4)A(2),9.66E+08,,,,,,,,,,,,,,,,,,,,,,,,,,,,,,,,,,,,,,,,,,,,,,,
PYTFHSHGITYYKEHEGAIYPDJTTDFQR,H(5)N(4)A(1)F(2),4.88E+08,,,,,,,,,,,,,,,,,,,,,,,,,,,,,,,,,,,,,,,,,,,,,,,
GLJVTLSSTGR,H(4)N(3)F(2),3.33E+07,,,,,,,,,,,,,,,,,,,,,,,,,,,,,,,,,,,,,,,,,,,,,,,
NJATVHEQVGGPSLTSDLQAQSK,H(6)N(5)A(3),1.26E+08,,,,,,,,,,,,,,,,,,,,,,,,,,,,,,,,,,,,,,,,,,,,,,,
GLTFQQJASSMCVPDQDTAIR,H(5)N(5)A(1)F(1),1.70E+09,,,,,,,,,,,,,,,,,,,,,,,,,,,,,,,,,,,,,,,,,,,,,,,
GLTFQQJASSMCVPDQDTAIR,H(5)N(4)A(1)F(1),4.10E+08,,,,,,,,,,,,,,,,,,,,,,,,,,,,,,,,,,,,,,,,,,,,,,,
DJYTKAEEILSR,H(5)N(4)A(2),1.34E+08,,,,,,,,,,,,,,,,,,,,,,,,,,,,,,,,,,,,,,,,,,,,,,,
GLTFQQJASSMCVPDQDTAIR,H(6)N(5)F(2),1.81E+08,,,,,,,,,,,,,,,,,,,,,,,,,,,,,,,,,,,,,,,,,,,,,,,
IJHCRFDEFFSEGCAPGSKK,H(5)N(4)A(2),4.55E+08,,,,,,,,,,,,,,,,,,,,,,,,,,,,,,,,,,,,,,,,,,,,,,,
IJHCRFDEFFSEGCAPGSKK,H(4)N(3)A(1),2.94E+07,,,,,,,,,,,,,,,,,,,,,,,,,,,,,,,,,,,,,,,,,,,,,,,
SWPAVGJCSSALR,H(6)N(3)A(1),1.39E+08,,,,,,,,,,,,,,,,,,,,,,,,,,,,,,,,,,,,,,,,,,,,,,,
SWPAVGJCSSALR,H(5)N(4)A(1),7.09E+08,,,,,,,,,,,,,,,,,,,,,,,,,,,,,,,,,,,,,,,,,,,,,,,
DKLAACLEGNCAEGLGTNYRGHVJITR,H(5)N(4)A(2),2.59E+09,,,,,,,,,,,,,,,,,,,,,,,,,,,,,,,,,,,,,,,,,,,,,,,
DKLAACLEGNCAEGLGTNYRGHVJITR,H(4)N(3)A(1),7.21E+07,,,,,,,,,,,,,,,,,,,,,,,,,,,,,,,,,,,,,,,,,,,,,,,
PYTFHSHGITYYKEHEGAIYPDJTTDFQR,H(6)N(5)A(3)F(1),2.65E+08,,,,,,,,,,,,,,,,,,,,,,,,,,,,,,,,,,,,,,,,,,,,,,,
TVLTPATNHMGJVTFTIPANR,H(7)N(2),6.01E+08,,,,,,,,,,,,,,,,,,,,,,,,,,,,,,,,,,,,,,,,,,,,,,,
TVLTPATNHMGJVTFTIPANR,H(6)N(2),2.23E+09,,,,,,,,,,,,,,,,,,,,,,,,,,,,,,,,,,,,,,,,,,,,,,,
TVLTPATNHMGJVTFTIPANR,H(4)N(2),1.31E+07,,,,,,,,,,,,,,,,,,,,,,,,,,,,,,,,,,,,,,,,,,,,,,,
TVLTPATNHMGJVTFTIPANR,H(5)N(2),1.70E+08,,,,,,,,,,,,,,,,,,,,,,,,,,,,,,,,,,,,,,,,,,,,,,,
IJHCRFDEFFSEGCAPGSK,H(5)N(4)A(1),1.23E+08,,,,,,,,,,,,,,,,,,,,,,,,,,,,,,,,,,,,,,,,,,,,,,,
KEGYSJISYIVVNHQGISSR,H(5)N(4)A(2),2.40E+07,,,,,,,,,,,,,,,,,,,,,,,,,,,,,,,,,,,,,,,,,,,,,,,
GETHEQVHSILHFKDFVJASSK,H(5)N(4)A(2),5.50E+07,,,,,,,,,,,,,,,,,,,,,,,,,,,,,,,,,,,,,,,,,,,,,,,
LGJWSAMPSCK,H(5)N(4)A(1)F(2),4.38E+06,,,,,,,,,,,,,,,,,,,,,,,,,,,,,,,,,,,,,,,,,,,,,,,
VYIHPFHLVIHJESTCEQLAK,H(5)N(4)A(1),4.74E+08,,,,,,,,,,,,,,,,,,,,,,,,,,,,,,,,,,,,,,,,,,,,,,,
LAGKPTHVJVSVVMAEVDGTCY,H(5)N(2),5.17E+07,,,,,,,,,,,,,,,,,,,,,,,,,,,,,,,,,,,,,,,,,,,,,,,
ITYSIVQTJCSK,H(6)N(5)A(3),4.61E+08,,,,,,,,,,,,,,,,,,,,,,,,,,,,,,,,,,,,,,,,,,,,,,,
LGJWSAMPSCK,H(4)N(3)A(1),7.55E+06,,,,,,,,,,,,,,,,,,,,,,,,,,,,,,,,,,,,,,,,,,,,,,,
TVLTPATNHMGJVTFTIPANREFK,H(6)N(2),1.77E+08,,,,,,,,,,,,,,,,,,,,,,,,,,,,,,,,,,,,,,,,,,,,,,,
AFHYJVSSHGCQLLPWTQHSPHTR,H(5)N(4)A(1)F(2),1.16E+08,,,,,,,,,,,,,,,,,,,,,,,,,,,,,,,,,,,,,,,,,,,,,,,
GLTFQQJASSMCVPDQDTAIR,H(5)N(4)A(2)F(1),3.79E+08,,,,,,,,,,,,,,,,,,,,,,,,,,,,,,,,,,,,,,,,,,,,,,,
TVDKSTGKPTLYJVSLVMSDTAGTCY,H(8)N(2),1.41E+08,,,,,,,,,,,,,,,,,,,,,,,,,,,,,,,,,,,,,,,,,,,,,,,
AFHYJVSSHGCQLLPWTQHSPHTR,H(5)N(4)A(2),5.14E+07,,,,,,,,,,,,,,,,,,,,,,,,,,,,,,,,,,,,,,,,,,,,,,,
TVLTPATNHMGJVTFTIPANR,H(6)N(3)A(1),1.69E+08,,,,,,,,,,,,,,,,,,,,,,,,,,,,,,,,,,,,,,,,,,,,,,,
TVDKSTGKPTLYJVSLVMSDTAGTCY,H(6)N(2),3.85E+08,,,,,,,,,,,,,,,,,,,,,,,,,,,,,,,,,,,,,,,,,,,,,,,
AGEQVTYTCATYYKMDGASJVTCINSR,H(5)N(4)A(2),3.03E+08,,,,,,,,,,,,,,,,,,,,,,,,,,,,,,,,,,,,,,,,,,,,,,,
SWPAVGJCSSALR,H(5)N(4)A(2),6.18E+10,,,,,,,,,,,,,,,,,,,,,,,,,,,,,,,,,,,,,,,,,,,,,,,
TVLTPATNHMGJVTFTIPANREFKSEK,H(7)N(2),1.92E+08,,,,,,,,,,,,,,,,,,,,,,,,,,,,,,,,,,,,,,,,,,,,,,,
TVLTPATNHMGJVTFTIPANREFKSEK,H(6)N(2),1.47E+08,,,,,,,,,,,,,,,,,,,,,,,,,,,,,,,,,,,,,,,,,,,,,,,
SWPAVGJCSSALR,H(5)N(4)A(2)F(1),1.90E+09,,,,,,,,,,,,,,,,,,,,,,,,,,,,,,,,,,,,,,,,,,,,,,,
SWPAVGJCSSALR,H(4)N(3)A(1)F(1),2.33E+07,,,,,,,,,,,,,,,,,,,,,,,,,,,,,,,,,,,,,,,,,,,,,,,
LAJLTQGEDQYYLR,H(5)N(4)A(1),1.67E+08,,,,,,,,,,,,,,,,,,,,,,,,,,,,,,,,,,,,,,,,,,,,,,,
SWPAVGJCSSALR,H(5)N(4)F(2),1.03E+08,,,,,,,,,,,,,,,,,,,,,,,,,,,,,,,,,,,,,,,,,,,,,,,
AGLQAFFQVQECJKSSSKDNIRGK,H(5)N(4)A(2),3.68E+08,,,,,,,,,,,,,,,,,,,,,,,,,,,,,,,,,,,,,,,,,,,,,,,
SWPAVGJCSSALR,H(3)N(3)F(2),2.18E+08,,,,,,,,,,,,,,,,,,,,,,,,,,,,,,,,,,,,,,,,,,,,,,,
SWPAVGJCSSALR,H(4)N(3)F(3),1.49E+07,,,,,,,,,,,,,,,,,,,,,,,,,,,,,,,,,,,,,,,,,,,,,,,
SWPAVGJCSSALR,H(4)N(3)A(1),9.06E+08,,,,,,,,,,,,,,,,,,,,,,,,,,,,,,,,,,,,,,,,,,,,,,,
VYIHPFHLVIHJESTCEQLAK,H(5)N(4)A(2)F(1),7.71E+07,,,,,,,,,,,,,,,,,,,,,,,,,,,,,,,,,,,,,,,,,,,,,,,
SWPAVGJCSSALR,H(4)N(3),6.10E+07,,,,,,,,,,,,,,,,,,,,,,,,,,,,,,,,,,,,,,,,,,,,,,,
IJHCRFDEFFSEGCAPGSK,H(5)N(4)A(2),9.39E+08,,,,,,,,,,,,,,,,,,,,,,,,,,,,,,,,,,,,,,,,,,,,,,,
YNSQJQSNNQFVLYR,H(5)N(4)A(2),7.44E+08,,,,,,,,,,,,,,,,,,,,,,,,,,,,,,,,,,,,,,,,,,,,,,,
VYIHPFHLVIHJESTCEQLAK,H(5)N(4)A(2),2.92E+09,,,,,,,,,,,,,,,,,,,,,,,,,,,,,,,,,,,,,,,,,,,,,,,
SWPAVGJCSSALR,H(3)N(2),3.29E+07,,,,,,,,,,,,,,,,,,,,,,,,,,,,,,,,,,,,,,,,,,,,,,,
SWPAVGJCSSALR,H(6)N(4)A(2),1.34E+08,,,,,,,,,,,,,,,,,,,,,,,,,,,,,,,,,,,,,,,,,,,,,,,
SWPAVGJCSSALR,H(5)N(4),9.59E+06,,,,,,,,,,,,,,,,,,,,,,,,,,,,,,,,,,,,,,,,,,,,,,,
VYIHPFHLVIHJESTCEQLAK,H(5)N(4)F(4),1.30E+07,,,,,,,,,,,,,,,,,,,,,,,,,,,,,,,,,,,,,,,,,,,,,,,
VYIHPFHLVIHJESTCEQLAK,H(4)N(3)A(1),4.44E+07,,,,,,,,,,,,,,,,,,,,,,,,,,,,,,,,,,,,,,,,,,,,,,,
SWPAVGJCSSALR,H(3)N(3),1.05E+08,,,,,,,,,,,,,,,,,,,,,,,,,,,,,,,,,,,,,,,,,,,,,,,
HGIQYFNJNTQHSSLFMLNEVKR,H(5)N(4)A(2),4.01E+08,,,,,,,,,,,,,,,,,,,,,,,,,,,,,,,,,,,,,,,,,,,,,,,
HAJWTLTPLK,H(5)N(4)A(2),8.09E+08,,,,,,,,,,,,,,,,,,,,,,,,,,,,,,,,,,,,,,,,,,,,,,,
AGLQAFFQVQECJKSSSKDNIRGK,H(5)N(4)A(1)F(2),2.01E+07,,,,,,,,,,,,,,,,,,,,,,,,,,,,,,,,,,,,,,,,,,,,,,,
WNPCLEPHRFJDTEVLQR,H(5)N(4)A(2),1.38E+08,,,,,,,,,,,,,,,,,,,,,,,,,,,,,,,,,,,,,,,,,,,,,,,
LNAENJATFYFKIDNVKK,H(5)N(4)A(2),3.21E+08,,,,,,,,,,,,,,,,,,,,,,,,,,,,,,,,,,,,,,,,,,,,,,,
GGNSNGALCHFPFLYNNHJYTDCTSEGRR,H(5)N(4)A(1),7.48E+08,,,,,,,,,,,,,,,,,,,,,,,,,,,,,,,,,,,,,,,,,,,,,,,
KVCQDCPLLAPLJDTRVVHAAK,H(5)N(4)A(2),6.72E+08,,,,,,,,,,,,,,,,,,,,,,,,,,,,,,,,,,,,,,,,,,,,,,,
IVQIYKDLLRJCCNTENPPGCYR,H(5)N(4)A(2),7.81E+08,,,,,,,,,,,,,,,,,,,,,,,,,,,,,,,,,,,,,,,,,,,,,,,
KVCQDCPLLAPLJDTRVVHAAK,H(5)N(4)A(1),1.67E+07,,,,,,,,,,,,,,,,,,,,,,,,,,,,,,,,,,,,,,,,,,,,,,,
LVLSSEKTVLTPATNHMGJVTFTIPANR,H(6)N(2),9.01E+07,,,,,,,,,,,,,,,,,,,,,,,,,,,,,,,,,,,,,,,,,,,,,,,
QDQCIYJTTYLNVQR,H(7)N(6)A(2),9.81E+06,,,,,,,,,,,,,,,,,,,,,,,,,,,,,,,,,,,,,,,,,,,,,,,
GLTFQQJASSMCVPDQDTAIR,H(5)N(5)F(3),1.78E+09,,,,,,,,,,,,,,,,,,,,,,,,,,,,,,,,,,,,,,,,,,,,,,,
GLTFQQJASSMCVPDQDTAIR,H(4)N(4)F(3),4.70E+07,,,,,,,,,,,,,,,,,,,,,,,,,,,,,,,,,,,,,,,,,,,,,,,
STGKPTLYJVSLVMSDTAGTCY,H(8)N(2),1.12E+08,,,,,,,,,,,,,,,,,,,,,,,,,,,,,,,,,,,,,,,,,,,,,,,
GLTFQQJASSMCVPDQDTAIR,H(4)N(4)F(1),6.49E+07,,,,,,,,,,,,,,,,,,,,,,,,,,,,,,,,,,,,,,,,,,,,,,,
GLTFQQJASSMCVPDQDTAIR,H(4)N(3)A(1)F(1),7.54E+06,,,,,,,,,,,,,,,,,,,,,,,,,,,,,,,,,,,,,,,,,,,,,,,
GLTFQQJASSMCVPDQDTAIR,H(4)N(5)A(1)F(1),3.40E+08,,,,,,,,,,,,,,,,,,,,,,,,,,,,,,,,,,,,,,,,,,,,,,,
GLTFQQJASSMCVPDQDTAIR,H(5)N(4)A(1),5.29E+07,,,,,,,,,,,,,,,,,,,,,,,,,,,,,,,,,,,,,,,,,,,,,,,
EGYSJISYIVVNHQGISSR,H(5)N(4)A(2),1.47E+09,,,,,,,,,,,,,,,,,,,,,,,,,,,,,,,,,,,,,,,,,,,,,,,
EGYSJISYIVVNHQGISSR,H(5)N(4)F(4),4.87E+08,,,,,,,,,,,,,,,,,,,,,,,,,,,,,,,,,,,,,,,,,,,,,,,
EGYSJISYIVVNHQGISSR,H(4)N(3)F(2),1.01E+07,,,,,,,,,,,,,,,,,,,,,,,,,,,,,,,,,,,,,,,,,,,,,,,
LSYTCEGGFRISEEJETTCYMGK,H(5)N(4)A(2),3.11E+08,,,,,,,,,,,,,,,,,,,,,,,,,,,,,,,,,,,,,,,,,,,,,,,
TVDKSTGKPTLYJVSLVMSDTAGTCY,H(7)N(2),2.95E+08,,,,,,,,,,,,,,,,,,,,,,,,,,,,,,,,,,,,,,,,,,,,,,,
LAJLTQGEDQYYLR,H(5)N(4)A(1)F(3),1.50E+08,,,,,,,,,,,,,,,,,,,,,,,,,,,,,,,,,,,,,,,,,,,,,,,
TVLTPATNHMGJVTFTIPANR,H(8)N(2),3.51E+07,,,,,,,,,,,,,,,,,,,,,,,,,,,,,,,,,,,,,,,,,,,,,,,
IIVPLNNREJISDPTSPLR,H(5)N(4)A(1)F(1),1.24E+09,,,,,,,,,,,,,,,,,,,,,,,,,,,,,,,,,,,,,,,,,,,,,,,
IIVPLNNREJISDPTSPLR,H(5)N(4)A(1),1.89E+09,,,,,,,,,,,,,,,,,,,,,,,,,,,,,,,,,,,,,,,,,,,,,,,
IIVPLNNREJISDPTSPLR,H(5)N(4),5.30E+07,,,,,,,,,,,,,,,,,,,,,,,,,,,,,,,,,,,,,,,,,,,,,,,
TVLTPATNHMGJVTFTIPANR,H(3)N(2),2.63E+07,,,,,,,,,,,,,,,,,,,,,,,,,,,,,,,,,,,,,,,,,,,,,,,
IIVPLNNREJISDPTSPLR,H(4)N(3),5.24E+07,,,,,,,,,,,,,,,,,,,,,,,,,,,,,,,,,,,,,,,,,,,,,,,
IIVPLNNREJISDPTSPLR,H(6)N(3)F(3),1.20E+08,,,,,,,,,,,,,,,,,,,,,,,,,,,,,,,,,,,,,,,,,,,,,,,
IIVPLNNREJISDPTSPLR,H(5)N(3)A(1)F(1),9.91E+08,,,,,,,,,,,,,,,,,,,,,,,,,,,,,,,,,,,,,,,,,,,,,,,
IIVPLNNREJISDPTSPLR,H(5)N(5)A(1),4.05E+08,,,,,,,,,,,,,,,,,,,,,,,,,,,,,,,,,,,,,,,,,,,,,,,
LAJLTQGEDQYYLR,H(5)N(4)A(2)F(1),7.00E+08,,,,,,,,,,,,,,,,,,,,,,,,,,,,,,,,,,,,,,,,,,,,,,,
KLVLSSEKTVLTPATNHMGJVTFTIPANR,H(6)N(2),7.57E+07,,,,,,,,,,,,,,,,,,,,,,,,,,,,,,,,,,,,,,,,,,,,,,,
LATALSLSNKFVEGSHJSTVSLTTK,H(5)N(4)A(1),1.53E+08,,,,,,,,,,,,,,,,,,,,,,,,,,,,,,,,,,,,,,,,,,,,,,,
EGYSJISYIVVNHQGISSR,H(5)N(4)A(1)F(2),7.20E+08,,,,,,,,,,,,,,,,,,,,,,,,,,,,,,,,,,,,,,,,,,,,,,,
IIVPLNNREJISDPTSPLR,H(4)N(3)A(1)F(1),1.01E+08,,,,,,,,,,,,,,,,,,,,,,,,,,,,,,,,,,,,,,,,,,,,,,,
LNAENJATFYFK,H(5)N(4)A(2),5.40E+09,,,,,,,,,,,,,,,,,,,,,,,,,,,,,,,,,,,,,,,,,,,,,,,
IIVPLNNREJISDPTSPLR,H(5)N(3)A(1),6.36E+07,,,,,,,,,,,,,,,,,,,,,,,,,,,,,,,,,,,,,,,,,,,,,,,
LVLSSEKTVLTPATNHMGJVTFTIPANREFKSEK,H(6)N(2),7.42E+07,,,,,,,,,,,,,,,,,,,,,,,,,,,,,,,,,,,,,,,,,,,,,,,
LAJLTQGEDQYYLR,H(5)N(4)A(2),5.57E+09,,,,,,,,,,,,,,,,,,,,,,,,,,,,,,,,,,,,,,,,,,,,,,,
VLYLAAYJCTLRPVSK,H(5)N(4)A(1),7.97E+07,,,,,,,,,,,,,,,,,,,,,,,,,,,,,,,,,,,,,,,,,,,,,,,
LAJLTQGEDQYYLR,H(4)N(3)A(1),2.23E+08,,,,,,,,,,,,,,,,,,,,,,,,,,,,,,,,,,,,,,,,,,,,,,,
TVLTPATNHMGJVTFTIPANREFK,H(7)N(2),2.40E+08,,,,,,,,,,,,,,,,,,,,,,,,,,,,,,,,,,,,,,,,,,,,,,,
LNAENJATFYFK,H(4)N(3)F(2),1.70E+06,,,,,,,,,,,,,,,,,,,,,,,,,,,,,,,,,,,,,,,,,,,,,,,
LNAENJATFYFK,H(5)N(4)A(1),1.22E+07,,,,,,,,,,,,,,,,,,,,,,,,,,,,,,,,,,,,,,,,,,,,,,,
LAJLTQGEDQYYLR,H(4)N(3)F(2),5.52E+06,,,,,,,,,,,,,,,,,,,,,,,,,,,,,,,,,,,,,,,,,,,,,,,
LNAENJATFYFK,H(4)N(3)A(1),2.42E+06,,,,,,,,,,,,,,,,,,,,,,,,,,,,,,,,,,,,,,,,,,,,,,,
HYGJYTCRAANRLGASSASMRLLR,H(3)N(2),1.05E+10,,,,,,,,,,,,,,,,,,,,,,,,,,,,,,,,,,,,,,,,,,,,,,,
TVLTPATNHMGJVTFTIPANREFK,H(5)N(2),3.85E+07,,,,,,,,,,,,,,,,,,,,,,,,,,,,,,,,,,,,,,,,,,,,,,,
AGLQAFFQVQECJKSSSKDNIR,H(5)N(4)A(2)F(1),2.12E+09,,,,,,,,,,,,,,,,,,,,,,,,,,,,,,,,,,,,,,,,,,,,,,,
LAJLTQGEDQYYLR,H(6)N(6)A(2)F(1),1.98E+09,,,,,,,,,,,,,,,,,,,,,,,,,,,,,,,,,,,,,,,,,,,,,,,
FKLSDLSIJSTECLHVHCR,H(12)N(2),7.36E+07,,,,,,,,,,,,,,,,,,,,,,,,,,,,,,,,,,,,,,,,,,,,,,,
LAJLTQGEDQYYLR,H(3)N(2),2.32E+07,,,,,,,,,,,,,,,,,,,,,,,,,,,,,,,,,,,,,,,,,,,,,,,
HGIQYFNJNTQHSSLFMLNEVKR,H(4)N(3)A(1),3.50E+07,,,,,,,,,,,,,,,,,,,,,,,,,,,,,,,,,,,,,,,,,,,,,,,
FKLSDLSIJSTECLHVHCR,H(5)N(4)A(2)F(1),1.37E+08,,,,,,,,,,,,,,,,,,,,,,,,,,,,,,,,,,,,,,,,,,,,,,,
HGIQYFNJNTQHSSLFMLNEVKR,H(5)N(4)A(1)F(2),9.58E+08,,,,,,,,,,,,,,,,,,,,,,,,,,,,,,,,,,,,,,,,,,,,,,,
AGLQAFFQVQECJKSSSKDNIR,H(5)N(4)A(1)F(3),1.15E+07,,,,,,,,,,,,,,,,,,,,,,,,,,,,,,,,,,,,,,,,,,,,,,,
LAJLTQGEDQYYLR,H(12)N(2),9.17E+07,,,,,,,,,,,,,,,,,,,,,,,,,,,,,,,,,,,,,,,,,,,,,,,
FKLSDLSIJSTECLHVHCR,H(5)N(4)A(2),8.24E+08,,,,,,,,,,,,,,,,,,,,,,,,,,,,,,,,,,,,,,,,,,,,,,,
KVCQDCPLLAPLJDTR,H(5)N(4)A(2),4.47E+09,,,,,,,,,,,,,,,,,,,,,,,,,,,,,,,,,,,,,,,,,,,,,,,
AGLQAFFQVQECJKSSSKDNIR,H(5)N(4)A(2),1.18E+08,,,,,,,,,,,,,,,,,,,,,,,,,,,,,,,,,,,,,,,,,,,,,,,
KVCQDCPLLAPLJDTR,H(7)N(7)F(1),2.31E+08,,,,,,,,,,,,,,,,,,,,,,,,,,,,,,,,,,,,,,,,,,,,,,,
AGLQAFFQVQECJKSSSKDNIR,H(7)N(8)F(1),2.22E+07,,,,,,,,,,,,,,,,,,,,,,,,,,,,,,,,,,,,,,,,,,,,,,,
FKLSDLSIJSTECLHVHCR,H(5)N(4)A(1)F(2),3.81E+06,,,,,,,,,,,,,,,,,,,,,,,,,,,,,,,,,,,,,,,,,,,,,,,
AGLQAFFQVQECJKSSSKDNIR,H(5)N(6)A(2)F(2),4.58E+07,,,,,,,,,,,,,,,,,,,,,,,,,,,,,,,,,,,,,,,,,,,,,,,
AGLQAFFQVQECJKSSSKDNIR,H(5)N(4)F(2),2.52E+07,,,,,,,,,,,,,,,,,,,,,,,,,,,,,,,,,,,,,,,,,,,,,,,
KVCQDCPLLAPLJDTR,H(5)N(4)F(2),8.46E+07,,,,,,,,,,,,,,,,,,,,,,,,,,,,,,,,,,,,,,,,,,,,,,,
KVCQDCPLLAPLJDTR,H(4)N(3)A(1),1.69E+08,,,,,,,,,,,,,,,,,,,,,,,,,,,,,,,,,,,,,,,,,,,,,,,
FLJDTMAVYEAK,H(5)N(4)A(2),1.41E+09,,,,,,,,,,,,,,,,,,,,,,,,,,,,,,,,,,,,,,,,,,,,,,,
KVCQDCPLLAPLJDTR,H(9)N(4),3.70E+06,,,,,,,,,,,,,,,,,,,,,,,,,,,,,,,,,,,,,,,,,,,,,,,
KVCQDCPLLAPLJDTR,H(5)N(4)A(1),1.10E+08,,,,,,,,,,,,,,,,,,,,,,,,,,,,,,,,,,,,,,,,,,,,,,,
KVCQDCPLLAPLJDTR,H(3)N(3)F(2),1.03E+07,,,,,,,,,,,,,,,,,,,,,,,,,,,,,,,,,,,,,,,,,,,,,,,
ADGTVNQIEGEATPVJLTEPAKLEVK,H(5)N(4)F(3),4.31E+07,,,,,,,,,,,,,,,,,,,,,,,,,,,,,,,,,,,,,,,,,,,,,,,
KVCQDCPLLAPLJDTR,H(4)N(3)F(2),1.39E+08,,,,,,,,,,,,,,,,,,,,,,,,,,,,,,,,,,,,,,,,,,,,,,,
SWPAVGJCSSALR,H(6)N(5)A(3)F(1),1.03E+09,,,,,,,,,,,,,,,,,,,,,,,,,,,,,,,,,,,,,,,,,,,,,,,
GLTFQQJASSMCVPDQDTAIR,H(12)N(2),2.01E+08,,,,,,,,,,,,,,,,,,,,,,,,,,,,,,,,,,,,,,,,,,,,,,,
SWPAVGJCSSALR,H(6)N(5)A(3),2.13E+09,,,,,,,,,,,,,,,,,,,,,,,,,,,,,,,,,,,,,,,,,,,,,,,
ELHHLQEQJVSNAFLDKGEFYIGSK,H(5)N(4)A(1)F(3),6.85E+08,,,,,,,,,,,,,,,,,,,,,,,,,,,,,,,,,,,,,,,,,,,,,,,
ELHHLQEQJVSNAFLDKGEFYIGSK,H(5)N(4)A(2)F(1),7.14E+08,,,,,,,,,,,,,,,,,,,,,,,,,,,,,,,,,,,,,,,,,,,,,,,
IIVPLNNREJISDPTSPLR,H(5)N(4)A(2)F(1),3.16E+09,,,,,,,,,,,,,,,,,,,,,,,,,,,,,,,,,,,,,,,,,,,,,,,
IIVPLNNREJISDPTSPLR,H(5)N(4)A(2),2.80E+09,,,,,,,,,,,,,,,,,,,,,,,,,,,,,,,,,,,,,,,,,,,,,,,
IIVPLNNREJISDPTSPLR,H(5)N(5)A(2)F(1),2.36E+08,,,,,,,,,,,,,,,,,,,,,,,,,,,,,,,,,,,,,,,,,,,,,,,
VCQDCPLLAPLJDTRVVHAAK,H(5)N(4)A(2),4.63E+08,,,,,,,,,,,,,,,,,,,,,,,,,,,,,,,,,,,,,,,,,,,,,,,
IIVPLNNREJISDPTSPLR,H(4)N(3)A(1),1.23E+08,,,,,,,,,,,,,,,,,,,,,,,,,,,,,,,,,,,,,,,,,,,,,,,
ELHHLQEQJVSNAFLDKGEFYIGSK,H(5)N(4)A(2),3.99E+09,,,,,,,,,,,,,,,,,,,,,,,,,,,,,,,,,,,,,,,,,,,,,,,
ELHHLQEQJVSNAFLDKGEFYIGSK,H(5)N(4)A(1),8.57E+07,,,,,,,,,,,,,,,,,,,,,,,,,,,,,,,,,,,,,,,,,,,,,,,
TVLTPATNHMGJVTFTIPANR,H(5)N(3)A(1),7.42E+07,,,,,,,,,,,,,,,,,,,,,,,,,,,,,,,,,,,,,,,,,,,,,,,
IIVPLNNREJISDPTSPLR,H(5)N(5)F(4),1.90E+07,,,,,,,,,,,,,,,,,,,,,,,,,,,,,,,,,,,,,,,,,,,,,,,
CGLVPVLAENYJK,H(5)N(4)A(1),2.66E+07,,,,,,,,,,,,,,,,,,,,,,,,,,,,,,,,,,,,,,,,,,,,,,,
ELHHLQEQJVSNAFLDKGEFYIGSK,H(5)N(4)F(2),1.59E+07,,,,,,,,,,,,,,,,,,,,,,,,,,,,,,,,,,,,,,,,,,,,,,,
IIVPLNNREJISDPTSPLR,H(5)N(5)A(1)F(2),1.21E+07,,,,,,,,,,,,,,,,,,,,,,,,,,,,,,,,,,,,,,,,,,,,,,,
GAFISJFSMTVDGK,H(5)N(4)A(2),3.92E+09,,,,,,,,,,,,,,,,,,,,,,,,,,,,,,,,,,,,,,,,,,,,,,,
TVLTPATNHMGJVTFTIPANREFK,H(6)N(3)A(1),7.47E+07,,,,,,,,,,,,,,,,,,,,,,,,,,,,,,,,,,,,,,,,,,,,,,,
LAGKPTHVJVSVVMAEVDGTCY,H(5)N(5)F(1),1.98E+08,,,,,,,,,,,,,,,,,,,,,,,,,,,,,,,,,,,,,,,,,,,,,,,
HGIQYFNJNTQHSSLFMLNEVKR,H(6)N(5)A(3)F(1),7.74E+08,,,,,,,,,,,,,,,,,,,,,,,,,,,,,,,,,,,,,,,,,,,,,,,
LAGKPTHVJVSVVMAEVDGTCY,H(4)N(5)F(1),1.24E+08,,,,,,,,,,,,,,,,,,,,,,,,,,,,,,,,,,,,,,,,,,,,,,,
HGIQYFNJNTQHSSLFMLNEVKR,H(6)N(5)A(3),7.14E+08,,,,,,,,,,,,,,,,,,,,,,,,,,,,,,,,,,,,,,,,,,,,,,,
DQCIVDDITYNVJDTFHKR,H(5)N(4)A(1),1.31E+08,,,,,,,,,,,,,,,,,,,,,,,,,,,,,,,,,,,,,,,,,,,,,,,
LAGKPTHVJVSVVMAEVDGTCY,H(6)N(2),1.13E+08,,,,,,,,,,,,,,,,,,,,,,,,,,,,,,,,,,,,,,,,,,,,,,,
TVDKSTGKPTLYJVSLVMSDTAGTCY,H(9)N(2),1.68E+08,,,,,,,,,,,,,,,,,,,,,,,,,,,,,,,,,,,,,,,,,,,,,,,
TVDKSTGKPTLYJVSLVMSDTAGTCY,H(5)N(2),1.28E+07,,,,,,,,,,,,,,,,,,,,,,,,,,,,,,,,,,,,,,,,,,,,,,,
TYNVLDMKJTTCQDLQIEVTVK,H(5)N(4)A(2),3.87E+08,,,,,,,,,,,,,,,,,,,,,,,,,,,,,,,,,,,,,,,,,,,,,,,
LVLSSEKTVLTPATNHMGJVTFTIPANREFK,H(7)N(2),3.71E+07,,,,,,,,,,,,,,,,,,,,,,,,,,,,,,,,,,,,,,,,,,,,,,,
TIDRLAGKPTHVJVSVVMAEVDGTCY,H(5)N(2),1.20E+08,,,,,,,,,,,,,,,,,,,,,,,,,,,,,,,,,,,,,,,,,,,,,,,
LVLSSEKTVLTPATNHMGJVTFTIPANREFK,H(6)N(2),1.56E+08,,,,,,,,,,,,,,,,,,,,,,,,,,,,,,,,,,,,,,,,,,,,,,,
VLYLAAYJCTLRPVSK,H(5)N(4)A(2),4.20E+08,,,,,,,,,,,,,,,,,,,,,,,,,,,,,,,,,,,,,,,,,,,,,,,
AGLQAFFQVQECJKSSSKDNIR,H(6)N(5)A(2)F(2),1.16E+08,,,,,,,,,,,,,,,,,,,,,,,,,,,,,,,,,,,,,,,,,,,,,,,
QGGVJATQVLIQHLR,H(5)N(4)A(2),5.18E+07,,,,,,,,,,,,,,,,,,,,,,,,,,,,,,,,,,,,,,,,,,,,,,,
ADGTVNQIEGEATPVJLTEPAKLEVK,H(5)N(4)A(2)F(1),4.48E+08,,,,,,,,,,,,,,,,,,,,,,,,,,,,,,,,,,,,,,,,,,,,,,,
ELHHLQEQJVSNAFLDKGEFYIGSK,H(6)N(5)A(3)F(1),2.71E+09,,,,,,,,,,,,,,,,,,,,,,,,,,,,,,,,,,,,,,,,,,,,,,,
REGDHEFLEVPEAQEDVEATFPVHQPGJYSCSYR,H(5)N(4)A(1),1.16E+09,,,,,,,,,,,,,,,,,,,,,,,,,,,,,,,,,,,,,,,,,,,,,,,
AGLQAFFQVQECJKSSSK,H(5)N(4)A(2)F(1),3.44E+08,,,,,,,,,,,,,,,,,,,,,,,,,,,,,,,,,,,,,,,,,,,,,,,
ELHHLQEQJVSNAFLDKGEFYIGSK,H(6)N(5)A(3)F(2),4.35E+08,,,,,,,,,,,,,,,,,,,,,,,,,,,,,,,,,,,,,,,,,,,,,,,
ELHHLQEQJVSNAFLDKGEFYIGSK,H(6)N(5)A(3),5.17E+08,,,,,,,,,,,,,,,,,,,,,,,,,,,,,,,,,,,,,,,,,,,,,,,
QQQHLFGSJVTDCSGJFCLFR,H(5)N(4)A(2),1.20E+09,,,,,,,,,,,,,,,,,,,,,,,,,,,,,,,,,,,,,,,,,,,,,,,
WQSIPLCVEKIPCSQPPQIEHGTIJSSR,H(5)N(4)A(2),3.30E+09,,,,,,,,,,,,,,,,,,,,,,,,,,,,,,,,,,,,,,,,,,,,,,,
LAJLTQGEDQYYLR,H(6)N(5)A(3)F(1),9.62E+08,,,,,,,,,,,,,,,,,,,,,,,,,,,,,,,,,,,,,,,,,,,,,,,
WQSIPLCVEKIPCSQPPQIEHGTIJSSR,H(4)N(3)A(1),4.17E+07,,,,,,,,,,,,,,,,,,,,,,,,,,,,,,,,,,,,,,,,,,,,,,,
MLKCLSEGQPPPSYJWTR,H(5)N(5)A(2)F(1),3.25E+06,,,,,,,,,,,,,,,,,,,,,,,,,,,,,,,,,,,,,,,,,,,,,,,
LAJLTQGEDQYYLR,H(6)N(5)A(3),6.78E+08,,,,,,,,,,,,,,,,,,,,,,,,,,,,,,,,,,,,,,,,,,,,,,,
LNAENJATFYFK,H(6)N(5)A(3),9.91E+08,,,,,,,,,,,,,,,,,,,,,,,,,,,,,,,,,,,,,,,,,,,,,,,
TYNVLDMKJTTCQDLQIEVTVK,H(5)N(4)A(1),9.82E+07,,,,,,,,,,,,,,,,,,,,,,,,,,,,,,,,,,,,,,,,,,,,,,,
GAFISJFSMTVDGK,H(5)N(4)A(1),6.97E+08,,,,,,,,,,,,,,,,,,,,,,,,,,,,,,,,,,,,,,,,,,,,,,,
LAGKPTHVJVSVVMAEVDGTCY,H(5)N(5)A(1)F(1),1.07E+09,,,,,,,,,,,,,,,,,,,,,,,,,,,,,,,,,,,,,,,,,,,,,,,
LAGKPTHVJVSVVMAEVDGTCY,H(5)N(5)F(3),2.07E+08,,,,,,,,,,,,,,,,,,,,,,,,,,,,,,,,,,,,,,,,,,,,,,,
FSDGLESJSSTQFEVKKYVLPNFEVK,H(9)N(2),2.64E+08,,,,,,,,,,,,,,,,,,,,,,,,,,,,,,,,,,,,,,,,,,,,,,,
RNPPMGGNVVIFDTVITNQEEPYQJHSGR,H(5)N(4)F(3),1.43E+09,,,,,,,,,,,,,,,,,,,,,,,,,,,,,,,,,,,,,,,,,,,,,,,
RNPPMGGNVVIFDTVITNQEEPYQJHSGR,H(5)N(4)A(1)F(1),1.46E+09,,,,,,,,,,,,,,,,,,,,,,,,,,,,,,,,,,,,,,,,,,,,,,,
LNAENJATFYFK,H(6)N(5)A(3)F(1),4.43E+08,,,,,,,,,,,,,,,,,,,,,,,,,,,,,,,,,,,,,,,,,,,,,,,
DKATFGCHDGYSLDGPEEIECTKLGJWSAMPSCK,H(5)N(4)A(2),2.59E+08,,,,,,,,,,,,,,,,,,,,,,,,,,,,,,,,,,,,,,,,,,,,,,,
RNPPMGGNVVIFDTVITNQEEPYQJHSGR,H(5)N(4)A(1),1.18E+08,,,,,,,,,,,,,,,,,,,,,,,,,,,,,,,,,,,,,,,,,,,,,,,
AALAAFNAQNJGSNFQLEEISR,H(5)N(4)A(1),4.53E+08,,,,,,,,,,,,,,,,,,,,,,,,,,,,,,,,,,,,,,,,,,,,,,,
HGIQYFNJNTQHSSLFMLNEVK,H(5)N(4)A(2),5.08E+08,,,,,,,,,,,,,,,,,,,,,,,,,,,,,,,,,,,,,,,,,,,,,,,
HGIQYFNJNTQHSSLFMLNEVK,H(5)N(4)A(1)F(2),2.14E+07,,,,,,,,,,,,,,,,,,,,,,,,,,,,,,,,,,,,,,,,,,,,,,,
SPYYJVSDEISFHCYDGYTLR,H(5)N(4)A(1),1.58E+08,,,,,,,,,,,,,,,,,,,,,,,,,,,,,,,,,,,,,,,,,,,,,,,
SPYYJVSDEISFHCYDGYTLR,H(5)N(4)F(2),9.60E+07,,,,,,,,,,,,,,,,,,,,,,,,,,,,,,,,,,,,,,,,,,,,,,,
REGDHEFLEVPEAQEDVEATFPVHQPGJYSCSYR,H(4)N(3)F(2),2.51E+07,,,,,,,,,,,,,,,,,,,,,,,,,,,,,,,,,,,,,,,,,,,,,,,
VIDFJCTTSSVSSALANTK,H(5)N(4)A(2),4.83E+08,,,,,,,,,,,,,,,,,,,,,,,,,,,,,,,,,,,,,,,,,,,,,,,
CGLVPVLAENYJK,H(5)N(4)A(2),8.89E+09,,,,,,,,,,,,,,,,,,,,,,,,,,,,,,,,,,,,,,,,,,,,,,,
REGDHEFLEVPEAQEDVEATFPVHQPGJYSCSYR,H(5)N(4)A(2),5.20E+09,,,,,,,,,,,,,,,,,,,,,,,,,,,,,,,,,,,,,,,,,,,,,,,
TLJQSSDELQLSMGNAMFVK,H(5)N(4)A(2),1.27E+08,,,,,,,,,,,,,,,,,,,,,,,,,,,,,,,,,,,,,,,,,,,,,,,
CGLVPVLAENYJK,H(5)N(4)A(1)F(2),6.58E+07,,,,,,,,,,,,,,,,,,,,,,,,,,,,,,,,,,,,,,,,,,,,,,,
STGKPTLYJVSLVMSDTAGTCY,H(7)N(2),3.87E+08,,,,,,,,,,,,,,,,,,,,,,,,,,,,,,,,,,,,,,,,,,,,,,,
CGLVPVLAENYJK,H(4)N(3)A(1),3.66E+07,,,,,,,,,,,,,,,,,,,,,,,,,,,,,,,,,,,,,,,,,,,,,,,
EJLTAPGSDSAVFFEQGTTR,H(5)N(4)A(2),2.98E+09,,,,,,,,,,,,,,,,,,,,,,,,,,,,,,,,,,,,,,,,,,,,,,,
SLGNVJFTVSAEALESQELCGTEVPSVPEHGRK,H(5)N(4),1.90E+08,,,,,,,,,,,,,,,,,,,,,,,,,,,,,,,,,,,,,,,,,,,,,,,
SLGNVJFTVSAEALESQELCGTEVPSVPEHGRK,H(6)N(3),5.89E+08,,,,,,,,,,,,,,,,,,,,,,,,,,,,,,,,,,,,,,,,,,,,,,,
SLGNVJFTVSAEALESQELCGTEVPSVPEHGRK,H(7)N(2),1.16E+08,,,,,,,,,,,,,,,,,,,,,,,,,,,,,,,,,,,,,,,,,,,,,,,
ALPQPQJVTSLLGCTH,H(5)N(4)A(1),6.04E+09,,,,,,,,,,,,,,,,,,,,,,,,,,,,,,,,,,,,,,,,,,,,,,,
CGLVPVLAENYJK,H(4)N(3),1.39E+07,,,,,,,,,,,,,,,,,,,,,,,,,,,,,,,,,,,,,,,,,,,,,,,
SLGNVJFTVSAEALESQELCGTEVPSVPEHGRK,H(6)N(2),1.11E+09,,,,,,,,,,,,,,,,,,,,,,,,,,,,,,,,,,,,,,,,,,,,,,,
EWEKELHHLQEQJVSNAFLDKGEFYIGSK,H(5)N(4)A(2),4.99E+08,,,,,,,,,,,,,,,,,,,,,,,,,,,,,,,,,,,,,,,,,,,,,,,
SLGNVJFTVSAEALESQELCGTEVPSVPEHGRK,H(5)N(2),8.18E+09,,,,,,,,,,,,,,,,,,,,,,,,,,,,,,,,,,,,,,,,,,,,,,,
SLGNVJFTVSAEALESQELCGTEVPSVPEHGRK,H(5)N(3),3.84E+08,,,,,,,,,,,,,,,,,,,,,,,,,,,,,,,,,,,,,,,,,,,,,,,
VCQDCPLLAPLJDTR,H(5)N(4)A(2)F(1),2.22E+08,,,,,,,,,,,,,,,,,,,,,,,,,,,,,,,,,,,,,,,,,,,,,,,
STGKPTLYJVSLVMSDTAGTCY,H(6)N(2),1.62E+09,,,,,,,,,,,,,,,,,,,,,,,,,,,,,,,,,,,,,,,,,,,,,,,
ALPQPQJVTSLLGCTH,H(5)N(4)A(1)F(1),2.43E+08,,,,,,,,,,,,,,,,,,,,,,,,,,,,,,,,,,,,,,,,,,,,,,,
VCQDCPLLAPLJDTR,H(5)N(4)A(2),2.79E+10,,,,,,,,,,,,,,,,,,,,,,,,,,,,,,,,,,,,,,,,,,,,,,,
SLGNVJFTVSAEALESQELCGTEVPSVPEHGRK,H(4)N(4),8.76E+07,,,,,,,,,,,,,,,,,,,,,,,,,,,,,,,,,,,,,,,,,,,,,,,
STGKPTLYJVSLVMSDTAGTCY,H(3)N(2),5.91E+06,,,,,,,,,,,,,,,,,,,,,,,,,,,,,,,,,,,,,,,,,,,,,,,
VCQDCPLLAPLJDTR,H(4)N(3)A(1),6.47E+08,,,,,,,,,,,,,,,,,,,,,,,,,,,,,,,,,,,,,,,,,,,,,,,
QQQHLFGSJVTDCSGJFCLFR,H(6)N(4)F(2),5.30E+07,,,,,,,,,,,,,,,,,,,,,,,,,,,,,,,,,,,,,,,,,,,,,,,
ALPQPQJVTSLLGCTH,H(4)N(3),1.35E+07,,,,,,,,,,,,,,,,,,,,,,,,,,,,,,,,,,,,,,,,,,,,,,,
QVLFLDTVYGJCSTHFTVK,H(6)N(2),3.92E+07,,,,,,,,,,,,,,,,,,,,,,,,,,,,,,,,,,,,,,,,,,,,,,,
QVLFLDTVYGJCSTHFTVK,H(5)N(2),3.53E+08,,,,,,,,,,,,,,,,,,,,,,,,,,,,,,,,,,,,,,,,,,,,,,,
QQQHLFGSJVTDCSGJFCLFR,H(5)N(4)A(1),1.23E+09,,,,,,,,,,,,,,,,,,,,,,,,,,,,,,,,,,,,,,,,,,,,,,,
ILRQQQHLFGSJVTDCSGJFCLFR,H(5)N(4)A(2)F(1),7.45E+08,,,,,,,,,,,,,,,,,,,,,,,,,,,,,,,,,,,,,,,,,,,,,,,
VCQDCPLLAPLJDTR,H(6)N(4)A(1)F(1),4.94E+08,,,,,,,,,,,,,,,,,,,,,,,,,,,,,,,,,,,,,,,,,,,,,,,
ILRQQQHLFGSJVTDCSGJFCLFR,H(5)N(4)A(1)F(3),7.31E+07,,,,,,,,,,,,,,,,,,,,,,,,,,,,,,,,,,,,,,,,,,,,,,,
VCQDCPLLAPLJDTR,H(4)N(3)F(2),3.49E+07,,,,,,,,,,,,,,,,,,,,,,,,,,,,,,,,,,,,,,,,,,,,,,,
VCQDCPLLAPLJDTR,H(5)N(4)A(1)F(2),3.02E+07,,,,,,,,,,,,,,,,,,,,,,,,,,,,,,,,,,,,,,,,,,,,,,,
VCQDCPLLAPLJDTR,H(6)N(6)A(1)F(2),2.38E+06,,,,,,,,,,,,,,,,,,,,,,,,,,,,,,,,,,,,,,,,,,,,,,,
VCQDCPLLAPLJDTR,H(3)N(3)F(2),6.06E+07,,,,,,,,,,,,,,,,,,,,,,,,,,,,,,,,,,,,,,,,,,,,,,,
TIDRLAGKPTHVJVSVVMAEVDGTCY,H(5)N(4)A(2)F(1),1.37E+09,,,,,,,,,,,,,,,,,,,,,,,,,,,,,,,,,,,,,,,,,,,,,,,
ILRQQQHLFGSJVTDCSGJFCLFR,H(5)N(4)A(2),7.72E+09,,,,,,,,,,,,,,,,,,,,,,,,,,,,,,,,,,,,,,,,,,,,,,,
ILRQQQHLFGSJVTDCSGJFCLFR,H(5)N(4)A(1)F(2),1.36E+08,,,,,,,,,,,,,,,,,,,,,,,,,,,,,,,,,,,,,,,,,,,,,,,
RNPPMGGNVVIFDTVITNQEEPYQJHSGR,H(5)N(4)A(2)F(1),9.47E+08,,,,,,,,,,,,,,,,,,,,,,,,,,,,,,,,,,,,,,,,,,,,,,,
TYNVLDMKJTTCQDLQIEVTVK,H(5)N(4)A(1)F(2),3.33E+08,,,,,,,,,,,,,,,,,,,,,,,,,,,,,,,,,,,,,,,,,,,,,,,
LPTQJITFQTESSVAEQEAEFQSPK,H(5)N(4)A(1)F(2),2.34E+08,,,,,,,,,,,,,,,,,,,,,,,,,,,,,,,,,,,,,,,,,,,,,,,
QQQHLFGSJVTDCSGJFCLFR,H(4)N(3)A(1),2.79E+07,,,,,,,,,,,,,,,,,,,,,,,,,,,,,,,,,,,,,,,,,,,,,,,
LAGKPTHVJVSVVMAEVDGTCY,H(5)N(4)A(2)F(1),2.40E+09,,,,,,,,,,,,,,,,,,,,,,,,,,,,,,,,,,,,,,,,,,,,,,,
LPTQJITFQTESSVAEQEAEFQSPK,H(4)N(3)F(2),6.39E+06,,,,,,,,,,,,,,,,,,,,,,,,,,,,,,,,,,,,,,,,,,,,,,,
RNPPMGGNVVIFDTVITNQEEPYQJHSGR,H(12)N(2),8.25E+08,,,,,,,,,,,,,,,,,,,,,,,,,,,,,,,,,,,,,,,,,,,,,,,
LAGKPTHVJVSVVMAEVDGTCY,H(5)N(5)A(2)F(1),1.24E+08,,,,,,,,,,,,,,,,,,,,,,,,,,,,,,,,,,,,,,,,,,,,,,,
RNPPMGGNVVIFDTVITNQEEPYQJHSGR,H(5)N(4)A(2),6.09E+08,,,,,,,,,,,,,,,,,,,,,,,,,,,,,,,,,,,,,,,,,,,,,,,
SLGNVJFTVSAEALESQELCGTEVPSVPEHGRK,H(5)N(4)A(1),1.67E+09,,,,,,,,,,,,,,,,,,,,,,,,,,,,,,,,,,,,,,,,,,,,,,,
SLGNVJFTVSAEALESQELCGTEVPSVPEHGRK,H(4)N(3),6.17E+07,,,,,,,,,,,,,,,,,,,,,,,,,,,,,,,,,,,,,,,,,,,,,,,
LPTQJITFQTESSVAEQEAEFQSPK,H(5)N(4)A(2),4.17E+09,,,,,,,,,,,,,,,,,,,,,,,,,,,,,,,,,,,,,,,,,,,,,,,
HGIQYFNJNTQHSSLFMLNEVK,H(6)N(5)A(3),1.92E+08,,,,,,,,,,,,,,,,,,,,,,,,,,,,,,,,,,,,,,,,,,,,,,,
LKELPGVCJETMMALWEECKPCLK,H(5)N(4)A(2),1.37E+08,,,,,,,,,,,,,,,,,,,,,,,,,,,,,,,,,,,,,,,,,,,,,,,
SLGNVJFTVSAEALESQELCGTEVPSVPEHGRK,H(6)N(3)A(1),2.43E+09,,,,,,,,,,,,,,,,,,,,,,,,,,,,,,,,,,,,,,,,,,,,,,,
DQCIVDDITYNVJDTFHK,H(5)N(4)A(1)F(2),2.54E+08,,,,,,,,,,,,,,,,,,,,,,,,,,,,,,,,,,,,,,,,,,,,,,,
SLGNVJFTVSAEALESQELCGTEVPSVPEHGRK,H(5)N(3)A(1),3.45E+09,,,,,,,,,,,,,,,,,,,,,,,,,,,,,,,,,,,,,,,,,,,,,,,
LPTQJITFQTESSVAEQEAEFQSPK,H(5)N(4)A(2)F(1),2.60E+08,,,,,,,,,,,,,,,,,,,,,,,,,,,,,,,,,,,,,,,,,,,,,,,
SLGNVJFTVSAEALESQELCGTEVPSVPEHGRK,H(4)N(4)A(1),1.95E+09,,,,,,,,,,,,,,,,,,,,,,,,,,,,,,,,,,,,,,,,,,,,,,,
FSYSKJETYQLFLSYSSK,H(5)N(4)A(2),3.44E+08,,,,,,,,,,,,,,,,,,,,,,,,,,,,,,,,,,,,,,,,,,,,,,,
AALAAFNAQNJGSNFQLEEISR,H(5)N(4)A(2)F(1),5.04E+09,,,,,,,,,,,,,,,,,,,,,,,,,,,,,,,,,,,,,,,,,,,,,,,
SLGNVJFTVSAEALESQELCGTEVPSVPEHGRK,H(4)N(3)A(1),4.69E+08,,,,,,,,,,,,,,,,,,,,,,,,,,,,,,,,,,,,,,,,,,,,,,,
EGDHEFLEVPEAQEDVEATFPVHQPGJYSCSYR,H(5)N(4)A(2),9.72E+09,,,,,,,,,,,,,,,,,,,,,,,,,,,,,,,,,,,,,,,,,,,,,,,
DQCIVDDITYNVJDTFHK,H(5)N(4)A(2),6.57E+08,,,,,,,,,,,,,,,,,,,,,,,,,,,,,,,,,,,,,,,,,,,,,,,
TMFPJLTDVR,H(5)N(4)A(2),7.10E+08,,,,,,,,,,,,,,,,,,,,,,,,,,,,,,,,,,,,,,,,,,,,,,,
SPYYJVSDEISFHCYDGYTLR,H(5)N(4)A(2),9.60E+08,,,,,,,,,,,,,,,,,,,,,,,,,,,,,,,,,,,,,,,,,,,,,,,
EGDHEFLEVPEAQEDVEATFPVHQPGJYSCSYR,H(4)N(3)F(2),1.41E+08,,,,,,,,,,,,,,,,,,,,,,,,,,,,,,,,,,,,,,,,,,,,,,,
SPYYJVSDEISFHCYDGYTLR,H(5)N(4)A(1)F(2),3.68E+08,,,,,,,,,,,,,,,,,,,,,,,,,,,,,,,,,,,,,,,,,,,,,,,
AALAAFNAQNJGSNFQLEEISR,H(4)N(3)A(1),4.73E+08,,,,,,,,,,,,,,,,,,,,,,,,,,,,,,,,,,,,,,,,,,,,,,,
AALAAFNAQNJGSNFQLEEISR,H(3)N(3)F(2),9.28E+07,,,,,,,,,,,,,,,,,,,,,,,,,,,,,,,,,,,,,,,,,,,,,,,
QQQHLFGSJVTDCSGJFCLFR,H(5)N(4)F(2),4.09E+07,,,,,,,,,,,,,,,,,,,,,,,,,,,,,,,,,,,,,,,,,,,,,,,
AALAAFNAQNJGSNFQLEEISR,H(5)N(4)F(3),5.12E+06,,,,,,,,,,,,,,,,,,,,,,,,,,,,,,,,,,,,,,,,,,,,,,,
DSVSLRKJQSVNVFLGHTAIDEMLK,H(5)N(4)A(2),1.05E+08,,,,,,,,,,,,,,,,,,,,,,,,,,,,,,,,,,,,,,,,,,,,,,,
AALAAFNAQNJGSNFQLEEISR,H(12)N(2),3.66E+09,,,,,,,,,,,,,,,,,,,,,,,,,,,,,,,,,,,,,,,,,,,,,,,
AALAAFNAQNJGSNFQLEEISR,H(5)N(4)A(2),1.16E+10,,,,,,,,,,,,,,,,,,,,,,,,,,,,,,,,,,,,,,,,,,,,,,,
ALPQPQJVTSLLGCTH,H(5)N(4)A(1)F(3),3.25E+09,,,,,,,,,,,,,,,,,,,,,,,,,,,,,,,,,,,,,,,,,,,,,,,
ALPQPQJVTSLLGCTH,H(5)N(4)A(2)F(1),2.74E+09,,,,,,,,,,,,,,,,,,,,,,,,,,,,,,,,,,,,,,,,,,,,,,,
SLGNVJFTVSAEALESQELCGTEVPSVPEHGR,H(6)N(3),5.88E+07,,,,,,,,,,,,,,,,,,,,,,,,,,,,,,,,,,,,,,,,,,,,,,,
SLGNVJFTVSAEALESQELCGTEVPSVPEHGR,H(6)N(2),2.66E+08,,,,,,,,,,,,,,,,,,,,,,,,,,,,,,,,,,,,,,,,,,,,,,,
SLGNVJFTVSAEALESQELCGTEVPSVPEHGRK,H(5)N(3)F(2),3.58E+09,,,,,,,,,,,,,,,,,,,,,,,,,,,,,,,,,,,,,,,,,,,,,,,
SLGNVJFTVSAEALESQELCGTEVPSVPEHGR,H(5)N(2),1.26E+09,,,,,,,,,,,,,,,,,,,,,,,,,,,,,,,,,,,,,,,,,,,,,,,
LQAPLJYTEFQKPICLPSK,H(5)N(4)A(2),6.36E+08,,,,,,,,,,,,,,,,,,,,,,,,,,,,,,,,,,,,,,,,,,,,,,,
GAFISJFSMTVDGK,H(5)N(4)A(1)F(2),0,,,,,,,,,,,,,,,,,,,,,,,,,,,,,,,,,,,,,,,,,,,,,,,
KGHGGLSCGLETSGHESJSTQSR,H(5)N(4)A(2)F(2),1.16E+09,,,,,,,,,,,,,,,,,,,,,,,,,,,,,,,,,,,,,,,,,,,,,,,
QQQHLFGSJVTDCSGJFCLFR,H(5)N(4)A(1)F(3),3.91E+09,,,,,,,,,,,,,,,,,,,,,,,,,,,,,,,,,,,,,,,,,,,,,,,
ALPQPQJVTSLLGCTH,H(5)N(4)A(2),6.81E+10,,,,,,,,,,,,,,,,,,,,,,,,,,,,,,,,,,,,,,,,,,,,,,,
QQQHLFGSJVTDCSGJFCLFR,H(5)N(4)A(2)F(1),1.30E+10,,,,,,,,,,,,,,,,,,,,,,,,,,,,,,,,,,,,,,,,,,,,,,,
INNDFNYEFYJSTWSYVK,H(5)N(2),9.57E+08,,,,,,,,,,,,,,,,,,,,,,,,,,,,,,,,,,,,,,,,,,,,,,,
CGLVPVLAENYJKSDNCEDTPEAGYFAVAVVKK,H(6)N(5)A(1),9.52E+08,,,,,,,,,,,,,,,,,,,,,,,,,,,,,,,,,,,,,,,,,,,,,,,
CGLVPVLAENYJKSDNCEDTPEAGYFAVAVVKK,H(5)N(4)A(1),1.77E+09,,,,,,,,,,,,,,,,,,,,,,,,,,,,,,,,,,,,,,,,,,,,,,,
ALPQPQJVTSLLGCTH,H(4)N(3)F(2),4.65E+08,,,,,,,,,,,,,,,,,,,,,,,,,,,,,,,,,,,,,,,,,,,,,,,
QQQHLFGSJVTDCSGJFCLFR,H(6)N(5)F(4),1.38E+07,,,,,,,,,,,,,,,,,,,,,,,,,,,,,,,,,,,,,,,,,,,,,,,
CGLVPVLAENYJKSDNCEDTPEAGYFAVAVVKK,H(5)N(4)F(3),8.49E+07,,,,,,,,,,,,,,,,,,,,,,,,,,,,,,,,,,,,,,,,,,,,,,,
QQQHLFGSJVTDCSGJFCLFR,H(5)N(4)A(1)F(2),3.63E+10,,,,,,,,,,,,,,,,,,,,,,,,,,,,,,,,,,,,,,,,,,,,,,,
ALPQPQJVTSLLGCTH,H(5)N(4)A(1)F(2),9.54E+08,,,,,,,,,,,,,,,,,,,,,,,,,,,,,,,,,,,,,,,,,,,,,,,
ILRQQQHLFGSJVTDCSGJFCLFR,H(6)N(5)A(3)F(1),7.41E+08,,,,,,,,,,,,,,,,,,,,,,,,,,,,,,,,,,,,,,,,,,,,,,,
ALPQPQJVTSLLGCTH,H(4)N(3)A(1),7.11E+08,,,,,,,,,,,,,,,,,,,,,,,,,,,,,,,,,,,,,,,,,,,,,,,
ALPQPQJVTSLLGCTH,H(3)N(3)F(2),1.00E+08,,,,,,,,,,,,,,,,,,,,,,,,,,,,,,,,,,,,,,,,,,,,,,,
ALPQPQJVTSLLGCTH,H(6)N(5)A(1)F(2),8.41E+07,,,,,,,,,,,,,,,,,,,,,,,,,,,,,,,,,,,,,,,,,,,,,,,
QQQHLFGSJVTDCSGJFCLFR,H(4)N(3),3.46E+07,,,,,,,,,,,,,,,,,,,,,,,,,,,,,,,,,,,,,,,,,,,,,,,
SLGNVJFTVSAEALESQELCGTEVPSVPEHGRK,H(5)N(4)A(2),6.22E+08,,,,,,,,,,,,,,,,,,,,,,,,,,,,,,,,,,,,,,,,,,,,,,,
QQQHLFGSJVTDCSGJFCLFR,H(4)N(4)F(2),5.45E+06,,,,,,,,,,,,,,,,,,,,,,,,,,,,,,,,,,,,,,,,,,,,,,,
GAFISJFSMTVDGK,H(7)N(7)A(1)F(4),2.53E+09,,,,,,,,,,,,,,,,,,,,,,,,,,,,,,,,,,,,,,,,,,,,,,,
NPPMGGNVVIFDTVITNQEEPYQJHSGR,H(5)N(4)F(3),9.34E+07,,,,,,,,,,,,,,,,,,,,,,,,,,,,,,,,,,,,,,,,,,,,,,,
ALPQPQJVTSLLGCTH,H(4)N(6)A(2)F(1),7.83E+08,,,,,,,,,,,,,,,,,,,,,,,,,,,,,,,,,,,,,,,,,,,,,,,
NPPMGGNVVIFDTVITNQEEPYQJHSGR,H(5)N(4)A(1)F(1),1.28E+09,,,,,,,,,,,,,,,,,,,,,,,,,,,,,,,,,,,,,,,,,,,,,,,
QQQHLFGSJVTDCSGJFCLFR,H(12)N(2),2.97E+09,,,,,,,,,,,,,,,,,,,,,,,,,,,,,,,,,,,,,,,,,,,,,,,
QQQHLFGSJVTDCSGJFCLFR,H(3)N(3)F(2),3.61E+08,,,,,,,,,,,,,,,,,,,,,,,,,,,,,,,,,,,,,,,,,,,,,,,
ALPQPQJVTSLLGCTH,H(3)N(3),1.14E+07,,,,,,,,,,,,,,,,,,,,,,,,,,,,,,,,,,,,,,,,,,,,,,,
NPPMGGNVVIFDTVITNQEEPYQJHSGR,H(5)N(4)A(1),2.65E+08,,,,,,,,,,,,,,,,,,,,,,,,,,,,,,,,,,,,,,,,,,,,,,,
LEPVHLQLQCMSQEQLAQVAAJATK,H(5)N(4)A(2),6.99E+08,,,,,,,,,,,,,,,,,,,,,,,,,,,,,,,,,,,,,,,,,,,,,,,
AALAAFNAQNJGSNFQLEEISR,H(7)N(7)A(3)F(2),6.39E+07,,,,,,,,,,,,,,,,,,,,,,,,,,,,,,,,,,,,,,,,,,,,,,,
JLSMPLLPADFHK,H(5)N(4)A(1)F(2),4.64E+07,,,,,,,,,,,,,,,,,,,,,,,,,,,,,,,,,,,,,,,,,,,,,,,
SLGNVJFTVSAEALESQELCGTEVPSVPEHGR,H(5)N(4)F(2),3.73E+08,,,,,,,,,,,,,,,,,,,,,,,,,,,,,,,,,,,,,,,,,,,,,,,
SLGNVJFTVSAEALESQELCGTEVPSVPEHGR,H(5)N(4)A(1),1.20E+09,,,,,,,,,,,,,,,,,,,,,,,,,,,,,,,,,,,,,,,,,,,,,,,
JLSMPLLPADFHK,H(5)N(4)A(2),1.05E+08,,,,,,,,,,,,,,,,,,,,,,,,,,,,,,,,,,,,,,,,,,,,,,,
WFYIASAFRNEEYJK,H(5)N(4)A(2),3.00E+09,,,,,,,,,,,,,,,,,,,,,,,,,,,,,,,,,,,,,,,,,,,,,,,
SLGNVJFTVSAEALESQELCGTEVPSVPEHGR,H(6)N(3)A(1),8.44E+08,,,,,,,,,,,,,,,,,,,,,,,,,,,,,,,,,,,,,,,,,,,,,,,
AGLQAFFQVQECJK,H(5)N(4)A(2),1.33E+10,,,,,,,,,,,,,,,,,,,,,,,,,,,,,,,,,,,,,,,,,,,,,,,
SLGNVJFTVSAEALESQELCGTEVPSVPEHGR,H(5)N(3)A(1),1.20E+09,,,,,,,,,,,,,,,,,,,,,,,,,,,,,,,,,,,,,,,,,,,,,,,
SLGNVJFTVSAEALESQELCGTEVPSVPEHGR,H(4)N(4)A(1),6.34E+08,,,,,,,,,,,,,,,,,,,,,,,,,,,,,,,,,,,,,,,,,,,,,,,
TKPREEQYJSTYRVVSVLTVLHQDWLNGK,H(5)N(4)F(1),4.53E+07,,,,,,,,,,,,,,,,,,,,,,,,,,,,,,,,,,,,,,,,,,,,,,,
AGLQAFFQVQECJK,H(5)N(4)A(2)F(1),5.21E+08,,,,,,,,,,,,,,,,,,,,,,,,,,,,,,,,,,,,,,,,,,,,,,,
TKPREEQYJSTYRVVSVLTVLHQDWLNGK,H(4)N(4)F(1),9.44E+07,,,,,,,,,,,,,,,,,,,,,,,,,,,,,,,,,,,,,,,,,,,,,,,
TKPREEQYJSTYRVVSVLTVLHQDWLNGK,H(3)N(4)F(1),1.22E+08,,,,,,,,,,,,,,,,,,,,,,,,,,,,,,,,,,,,,,,,,,,,,,,
AGLQAFFQVQECJK,H(5)N(5)A(3)F(3),3.34E+08,,,,,,,,,,,,,,,,,,,,,,,,,,,,,,,,,,,,,,,,,,,,,,,
GGETAQSADPQWEQLNNKJLSMPLLPADFHK,H(5)N(4)A(2),5.04E+08,,,,,,,,,,,,,,,,,,,,,,,,,,,,,,,,,,,,,,,,,,,,,,,
LKELPGVCJETMMALWEECKPCLK,H(5)N(4)A(1)F(2),5.42E+07,,,,,,,,,,,,,,,,,,,,,,,,,,,,,,,,,,,,,,,,,,,,,,,
AGLQAFFQVQECJK,H(4)N(3)F(2),8.74E+06,,,,,,,,,,,,,,,,,,,,,,,,,,,,,,,,,,,,,,,,,,,,,,,
CGLVPVLAENYJKSDNCEDTPEAGYFAVAVVKK,H(5)N(4)A(2),4.22E+08,,,,,,,,,,,,,,,,,,,,,,,,,,,,,,,,,,,,,,,,,,,,,,,
AGLQAFFQVQECJK,H(7)N(7)A(1)F(2),1.03E+08,,,,,,,,,,,,,,,,,,,,,,,,,,,,,,,,,,,,,,,,,,,,,,,
LPTQJITFQTESSVAEQEAEFQSPK,H(6)N(5)A(3),1.13E+09,,,,,,,,,,,,,,,,,,,,,,,,,,,,,,,,,,,,,,,,,,,,,,,
CGLVPVLAENYJKSDNCEDTPEAGYFAVAVVKK,H(6)N(5)A(2),1.80E+09,,,,,,,,,,,,,,,,,,,,,,,,,,,,,,,,,,,,,,,,,,,,,,,
CGLVPVLAENYJKSDNCEDTPEAGYFAVAVVKK,H(5)N(5)A(2)F(3),2.34E+07,,,,,,,,,,,,,,,,,,,,,,,,,,,,,,,,,,,,,,,,,,,,,,,
CGLVPVLAENYJKSDNCEDTPEAGYFAVAVVKK,H(4)N(4)A(1)F(3),1.11E+08,,,,,,,,,,,,,,,,,,,,,,,,,,,,,,,,,,,,,,,,,,,,,,,
CGLVPVLAENYJKSDNCEDTPEAGYFAVAVVKK,H(5)N(4)F(4),2.13E+07,,,,,,,,,,,,,,,,,,,,,,,,,,,,,,,,,,,,,,,,,,,,,,,
CGLVPVLAENYJKSDNCEDTPEAGYFAVAVVKK,H(4)N(3),3.78E+07,,,,,,,,,,,,,,,,,,,,,,,,,,,,,,,,,,,,,,,,,,,,,,,
CGLVPVLAENYJKSDNCEDTPEAGYFAVAVVKK,H(3)N(3)F(2),2.60E+08,,,,,,,,,,,,,,,,,,,,,,,,,,,,,,,,,,,,,,,,,,,,,,,
CGLVPVLAENYJKSDNCEDTPEAGYFAVAVVKK,H(5)N(4)A(2)F(1),8.88E+08,,,,,,,,,,,,,,,,,,,,,,,,,,,,,,,,,,,,,,,,,,,,,,,
FEVDSPVYJATWSASLK,H(5)N(4)A(2),1.06E+09,,,,,,,,,,,,,,,,,,,,,,,,,,,,,,,,,,,,,,,,,,,,,,,
CGLVPVLAENYJKSDNCEDTPEAGYFAVAVVKK,H(4)N(3)A(1),1.17E+09,,,,,,,,,,,,,,,,,,,,,,,,,,,,,,,,,,,,,,,,,,,,,,,
CGLVPVLAENYJKSDNCEDTPEAGYFAVAVVKK,H(4)N(3)F(2),1.14E+09,,,,,,,,,,,,,,,,,,,,,,,,,,,,,,,,,,,,,,,,,,,,,,,
VCQDCPLLAPLJDTR,H(6)N(5)A(3),5.33E+08,,,,,,,,,,,,,,,,,,,,,,,,,,,,,,,,,,,,,,,,,,,,,,,
AALAAFNAQNJGSNFQLEEISR,H(6)N(5)A(3)F(1),2.08E+09,,,,,,,,,,,,,,,,,,,,,,,,,,,,,,,,,,,,,,,,,,,,,,,
NPPMGGNVVIFDTVITNQEEPYQJHSGR,H(5)N(4)A(2)F(1),5.36E+08,,,,,,,,,,,,,,,,,,,,,,,,,,,,,,,,,,,,,,,,,,,,,,,
AALAAFNAQNJGSNFQLEEISR,H(6)N(5)A(3),1.94E+09,,,,,,,,,,,,,,,,,,,,,,,,,,,,,,,,,,,,,,,,,,,,,,,
VAAAJVSVTQPESTGDPNJMTLLAEEAR,H(5)N(4)A(1)F(2),1.53E+08,,,,,,,,,,,,,,,,,,,,,,,,,,,,,,,,,,,,,,,,,,,,,,,
GVTSVSQIFHSPDLAIRDTFVJASR,H(5)N(4)A(2)F(1),2.69E+09,,,,,,,,,,,,,,,,,,,,,,,,,,,,,,,,,,,,,,,,,,,,,,,
GVTSVSQIFHSPDLAIRDTFVJASR,H(5)N(4)F(5),2.85E+07,,,,,,,,,,,,,,,,,,,,,,,,,,,,,,,,,,,,,,,,,,,,,,,
DFVJASSKYEITTIHNLFR,H(5)N(4)A(2),5.86E+07,,,,,,,,,,,,,,,,,,,,,,,,,,,,,,,,,,,,,,,,,,,,,,,
QQQHLFGSJVTDCSGJFCLFR,H(6)N(5)A(2)F(3),3.79E+09,,,,,,,,,,,,,,,,,,,,,,,,,,,,,,,,,,,,,,,,,,,,,,,
GVTSVSQIFHSPDLAIRDTFVJASR,H(5)N(4)A(1)F(3),4.82E+07,,,,,,,,,,,,,,,,,,,,,,,,,,,,,,,,,,,,,,,,,,,,,,,
QQQHLFGSJVTDCSGJFCLFR,H(6)N(5)A(3)F(1),3.82E+09,,,,,,,,,,,,,,,,,,,,,,,,,,,,,,,,,,,,,,,,,,,,,,,
GVTSVSQIFHSPDLAIRDTFVJASR,H(5)N(4)A(1)F(2),2.06E+10,,,,,,,,,,,,,,,,,,,,,,,,,,,,,,,,,,,,,,,,,,,,,,,
GVTSVSQIFHSPDLAIRDTFVJASR,H(5)N(4)A(2),2.46E+09,,,,,,,,,,,,,,,,,,,,,,,,,,,,,,,,,,,,,,,,,,,,,,,
QQQHLFGSJVTDCSGJFCLFR,H(6)N(5)A(3),2.67E+09,,,,,,,,,,,,,,,,,,,,,,,,,,,,,,,,,,,,,,,,,,,,,,,
GVTSVSQIFHSPDLAIRDTFVJASR,H(4)N(3)A(1),3.58E+08,,,,,,,,,,,,,,,,,,,,,,,,,,,,,,,,,,,,,,,,,,,,,,,
ICDLLVANNHFAHFFAPQJLTNMNK,H(5)N(4)A(2),3.63E+08,,,,,,,,,,,,,,,,,,,,,,,,,,,,,,,,,,,,,,,,,,,,,,,
GVTSVSQIFHSPDLAIRDTFVJASR,H(5)N(4)A(1),5.73E+07,,,,,,,,,,,,,,,,,,,,,,,,,,,,,,,,,,,,,,,,,,,,,,,
GLKFJLTETSEAEIHQSFQHLLR,H(5)N(4)A(2),4.17E+08,,,,,,,,,,,,,,,,,,,,,,,,,,,,,,,,,,,,,,,,,,,,,,,
GVTSVSQIFHSPDLAIRDTFVJASR,H(3)N(3)F(2),5.63E+07,,,,,,,,,,,,,,,,,,,,,,,,,,,,,,,,,,,,,,,,,,,,,,,
QQQHLFGSJVTDCSGJFCLFR,H(6)N(5)A(2)F(2),2.50E+08,,,,,,,,,,,,,,,,,,,,,,,,,,,,,,,,,,,,,,,,,,,,,,,
LKELPGVCJETMMALWEECKPCLK,H(6)N(5)A(3),8.22E+08,,,,,,,,,,,,,,,,,,,,,,,,,,,,,,,,,,,,,,,,,,,,,,,
IITILEEEMJVSVCGLYTYGKPVPGHVTVSICR,H(5)N(4)A(1)F(2),6.99E+08,,,,,,,,,,,,,,,,,,,,,,,,,,,,,,,,,,,,,,,,,,,,,,,
DKICDLLVANNHFAHFFAPQJLTNMNK,H(5)N(4)A(1)F(2),4.42E+08,,,,,,,,,,,,,,,,,,,,,,,,,,,,,,,,,,,,,,,,,,,,,,,
FJLTETSEAEIHQSFQHLLR,H(5)N(4)A(2),5.41E+08,,,,,,,,,,,,,,,,,,,,,,,,,,,,,,,,,,,,,,,,,,,,,,,
DKICDLLVANNHFAHFFAPQJLTNMNK,H(5)N(4)A(2),5.29E+08,,,,,,,,,,,,,,,,,,,,,,,,,,,,,,,,,,,,,,,,,,,,,,,
JQSVNVFLGHTAIDEMLK,H(5)N(4)A(2),3.18E+07,,,,,,,,,,,,,,,,,,,,,,,,,,,,,,,,,,,,,,,,,,,,,,,
SKWJITMESYVVHTNYDEYAIFLTKK,H(5)N(4)A(2),2.30E+08,,,,,,,,,,,,,,,,,,,,,,,,,,,,,,,,,,,,,,,,,,,,,,,
ITYSIVQTJCSKENFLFLTPDCK,H(5)N(4)A(2),1.50E+09,,,,,,,,,,,,,,,,,,,,,,,,,,,,,,,,,,,,,,,,,,,,,,,
EEQYJSTYRVVSVLTVLHQDWLNGKEYK,H(3)N(4)F(1),1.77E+08,,,,,,,,,,,,,,,,,,,,,,,,,,,,,,,,,,,,,,,,,,,,,,,
ITYSIVQTJCSKENFLFLTPDCK,H(5)N(4)A(1)F(2),3.33E+08,,,,,,,,,,,,,,,,,,,,,,,,,,,,,,,,,,,,,,,,,,,,,,,
ALPQPQJVTSLLGCTH,H(6)N(5)A(3),4.40E+08,,,,,,,,,,,,,,,,,,,,,,,,,,,,,,,,,,,,,,,,,,,,,,,
GLKFJLTETSEAEIHQSFQHLLR,H(6)N(6)A(4)F(1),1.29E+08,,,,,,,,,,,,,,,,,,,,,,,,,,,,,,,,,,,,,,,,,,,,,,,
GLKFJLTETSEAEIHQSFQHLLR,H(7)N(6)A(3),2.47E+08,,,,,,,,,,,,,,,,,,,,,,,,,,,,,,,,,,,,,,,,,,,,,,,
ICDLLVANNHFAHFFAPQJLTNMNK,H(5)N(4)A(2)F(1),1.54E+08,,,,,,,,,,,,,,,,,,,,,,,,,,,,,,,,,,,,,,,,,,,,,,,
GVTSVSQIFHSPDLAIRDTFVJASR,H(6)N(5)A(3)F(1),9.69E+08,,,,,,,,,,,,,,,,,,,,,,,,,,,,,,,,,,,,,,,,,,,,,,,
VTYDVSRDKICDLLVANNHFAHFFAPQJLTNMNK,H(5)N(4)A(1)F(2),1.05E+08,,,,,,,,,,,,,,,,,,,,,,,,,,,,,,,,,,,,,,,,,,,,,,,
GLKFJLTETSEAEIHQSFQHLLR,H(6)N(5)A(3)F(1),4.43E+08,,,,,,,,,,,,,,,,,,,,,,,,,,,,,,,,,,,,,,,,,,,,,,,
GLKFJLTETSEAEIHQSFQHLLR,H(6)N(5)A(3),1.11E+09,,,,,,,,,,,,,,,,,,,,,,,,,,,,,,,,,,,,,,,,,,,,,,,
IITILEEEMJVSVCGLYTYGKPVPGHVTVSICR,H(5)N(4),5.35E+07,,,,,,,,,,,,,,,,,,,,,,,,,,,,,,,,,,,,,,,,,,,,,,,
KAFITJFSMIIDGMTYPGIIKEK,H(5)N(4)A(2),1.22E+08,,,,,,,,,,,,,,,,,,,,,,,,,,,,,,,,,,,,,,,,,,,,,,,
IYPGVDFGGEELJVTFVK,H(5)N(4)A(1),2.04E+08,,,,,,,,,,,,,,,,,,,,,,,,,,,,,,,,,,,,,,,,,,,,,,,
FJLTETSEAEIHQSFQHLLR,H(6)N(5)A(3)F(1),4.56E+08,,,,,,,,,,,,,,,,,,,,,,,,,,,,,,,,,,,,,,,,,,,,,,,
FJLTETSEAEIHQSFQHLLR,H(6)N(5)A(3),1.01E+09,,,,,,,,,,,,,,,,,,,,,,,,,,,,,,,,,,,,,,,,,,,,,,,
JISDGFDGIPDNVDAALALPAHSYSGR,H(5)N(4)A(2),1.12E+09,,,,,,,,,,,,,,,,,,,,,,,,,,,,,,,,,,,,,,,,,,,,,,,
AKVGQLQLSHJLSLVILVPQNLK,H(5)N(4)A(2),2.75E+08,,,,,,,,,,,,,,,,,,,,,,,,,,,,,,,,,,,,,,,,,,,,,,,
KALQAVYSMMSWPDDVPPEGWJR,H(5)N(4)A(2),2.82E+08,,,,,,,,,,,,,,,,,,,,,,,,,,,,,,,,,,,,,,,,,,,,,,,
ITYSIVQTJCSKENFLFLTPDCK,H(6)N(5)A(2)F(2),2.76E+09,,,,,,,,,,,,,,,,,,,,,,,,,,,,,,,,,,,,,,,,,,,,,,,
GLKFJLTETSEAEIHQSFQHLLR,H(7)N(6)A(3)F(3),1.67E+09,,,,,,,,,,,,,,,,,,,,,,,,,,,,,,,,,,,,,,,,,,,,,,,
ITYSIVQTJCSKENFLFLTPDCK,H(6)N(5)A(3),2.71E+09,,,,,,,,,,,,,,,,,,,,,,,,,,,,,,,,,,,,,,,,,,,,,,,
ITYSIVQTJCSKENFLFLTPDCK,H(6)N(5)A(3)F(1),2.26E+09,,,,,,,,,,,,,,,,,,,,,,,,,,,,,,,,,,,,,,,,,,,,,,,
ITYSIVQTJCSKENFLFLTPDCK,H(8)N(7)F(1),1.72E+07,,,,,,,,,,,,,,,,,,,,,,,,,,,,,,,,,,,,,,,,,,,,,,,
CGLVPVLAENYJKSDNCEDTPEAGYFAVAVVK,H(4)N(3)A(1),2.62E+08,,,,,,,,,,,,,,,,,,,,,,,,,,,,,,,,,,,,,,,,,,,,,,,
CGLVPVLAENYJKSDNCEDTPEAGYFAVAVVK,H(5)N(3)A(2)F(1),2.30E+07,,,,,,,,,,,,,,,,,,,,,,,,,,,,,,,,,,,,,,,,,,,,,,,
CGLVPVLAENYJKSDNCEDTPEAGYFAVAVVK,H(5)N(4)A(2),1.15E+10,,,,,,,,,,,,,,,,,,,,,,,,,,,,,,,,,,,,,,,,,,,,,,,
CGLVPVLAENYJKSDNCEDTPEAGYFAVAVVK,H(5)N(4)A(1),7.42E+07,,,,,,,,,,,,,,,,,,,,,,,,,,,,,,,,,,,,,,,,,,,,,,,
ITYSIVQTJCSKENFLFLTPDCK,H(8)N(7)A(1),2.61E+06,,,,,,,,,,,,,,,,,,,,,,,,,,,,,,,,,,,,,,,,,,,,,,,
IITILEEEMJVSVCGLYTYGKPVPGHVTVSICR,H(5)N(4)F(2),3.08E+08,,,,,,,,,,,,,,,,,,,,,,,,,,,,,,,,,,,,,,,,,,,,,,,
IITILEEEMJVSVCGLYTYGKPVPGHVTVSICR,H(5)N(4)A(1),5.51E+08,,,,,,,,,,,,,,,,,,,,,,,,,,,,,,,,,,,,,,,,,,,,,,,
VLSJNSDANLELINTWVAK,H(5)N(4)A(2)F(1),5.53E+08,,,,,,,,,,,,,,,,,,,,,,,,,,,,,,,,,,,,,,,,,,,,,,,
VLSJNSDANLELINTWVAK,H(5)N(4)A(2),2.55E+09,,,,,,,,,,,,,,,,,,,,,,,,,,,,,,,,,,,,,,,,,,,,,,,
EEQYJSTYRVVSVLTVLHQDWLNGK,H(3)N(4)F(1),1.02E+08,,,,,,,,,,,,,,,,,,,,,,,,,,,,,,,,,,,,,,,,,,,,,,,
GLKFJLTETSEAEIHQSFQHLLR,H(7)N(6)A(4)F(2),6.62E+08,,,,,,,,,,,,,,,,,,,,,,,,,,,,,,,,,,,,,,,,,,,,,,,
VGQLQLSHJLSLVILVPQNLK,H(5)N(4)A(1),9.34E+07,,,,,,,,,,,,,,,,,,,,,,,,,,,,,,,,,,,,,,,,,,,,,,,
SKWJITMESYVVHTNYDEYAIFLTK,H(5)N(4)A(2),3.92E+08,,,,,,,,,,,,,,,,,,,,,,,,,,,,,,,,,,,,,,,,,,,,,,,
VLSJNSDANLELINTWVAK,H(9)N(8)A(1),2.06E+06,,,,,,,,,,,,,,,,,,,,,,,,,,,,,,,,,,,,,,,,,,,,,,,
YLGJATAIFFLPDEGK,H(5)N(4)A(1)F(1),1.63E+08,,,,,,,,,,,,,,,,,,,,,,,,,,,,,,,,,,,,,,,,,,,,,,,
KIVLDPSGSMNIYLVLDGSDSIGASJFTGAKK,H(5)N(4)A(2),4.39E+08,,,,,,,,,,,,,,,,,,,,,,,,,,,,,,,,,,,,,,,,,,,,,,,
FJLTETSEAEIHQSFQHLLR,H(7)N(6)A(4),9.29E+08,,,,,,,,,,,,,,,,,,,,,,,,,,,,,,,,,,,,,,,,,,,,,,,
FJLTETSEAEIHQSFQHLLR,H(7)N(6)A(3)F(2),8.20E+08,,,,,,,,,,,,,,,,,,,,,,,,,,,,,,,,,,,,,,,,,,,,,,,
IYSGILJLSDITK,H(5)N(4)A(2),6.79E+08,,,,,,,,,,,,,,,,,,,,,,,,,,,,,,,,,,,,,,,,,,,,,,,
AQLLQGLGFJLTER,H(5)N(4)A(2),1.32E+08,,,,,,,,,,,,,,,,,,,,,,,,,,,,,,,,,,,,,,,,,,,,,,,
CGLVPVLAENYJKSDNCEDTPEAGYFAVAVVKK,H(5)N(4)A(1)F(2),4.65E+08,,,,,,,,,,,,,,,,,,,,,,,,,,,,,,,,,,,,,,,,,,,,,,,
TAGWNIPMGLLYNKIJHCRFDEFFSEGCAPGSK,H(5)N(4)A(2),1.85E+08,,,,,,,,,,,,,,,,,,,,,,,,,,,,,,,,,,,,,,,,,,,,,,,
IYPGVDFGGEELJVTFVK,H(5)N(4)A(2),5.49E+08,,,,,,,,,,,,,,,,,,,,,,,,,,,,,,,,,,,,,,,,,,,,,,,
KLPPGLLAJFTLLR,H(5)N(4)A(2)F(1),2.30E+08,,,,,,,,,,,,,,,,,,,,,,,,,,,,,,,,,,,,,,,,,,,,,,,
GCJDSDVLAVAGFALR,H(5)N(4)A(2),6.08E+08,,,,,,,,,,,,,,,,,,,,,,,,,,,,,,,,,,,,,,,,,,,,,,,
IITILEEEMJVSVCGLYTYGKPVPGHVTVSICR,H(5)N(4)A(2),2.08E+09,,,,,,,,,,,,,,,,,,,,,,,,,,,,,,,,,,,,,,,,,,,,,,,
KLPPGLLAJFTLLR,H(5)N(4)A(2),4.40E+09,,,,,,,,,,,,,,,,,,,,,,,,,,,,,,,,,,,,,,,,,,,,,,,
VVGVPYQGJATALFILPSEGK,H(5)N(4)A(2),5.05E+08,,,,,,,,,,,,,,,,,,,,,,,,,,,,,,,,,,,,,,,,,,,,,,,
TLJQSSDELQLSMGNAMFVK,H(6)N(5)A(3),1.04E+09,,,,,,,,,,,,,,,,,,,,,,,,,,,,,,,,,,,,,,,,,,,,,,,
KLPPGLLAJFTLLR,H(4)N(3)A(1),2.22E+07,,,,,,,,,,,,,,,,,,,,,,,,,,,,,,,,,,,,,,,,,,,,,,,
VGQLQLSHJLSLVILVPQNLK,H(5)N(4)A(2)F(1),2.76E+08,,,,,,,,,,,,,,,,,,,,,,,,,,,,,,,,,,,,,,,,,,,,,,,
KAFITJFSMIIDGMTYPGIIKEKAEAQAQYSAAVAK,H(5)N(4)A(2),1.52E+08,,,,,,,,,,,,,,,,,,,,,,,,,,,,,,,,,,,,,,,,,,,,,,,
VGQLQLSHJLSLVILVPQNLK,H(5)N(4)A(2),2.31E+09,,,,,,,,,,,,,,,,,,,,,,,,,,,,,,,,,,,,,,,,,,,,,,,
LSLHRPALEDLLLGSEAJLTCTLTGLR,H(3)N(5),1.17E+08,,,,,,,,,,,,,,,,,,,,,,,,,,,,,,,,,,,,,,,,,,,,,,,
GFGVAIVGJYTAALPTEAALR,H(5)N(4)A(2),2.27E+09,,,,,,,,,,,,,,,,,,,,,,,,,,,,,,,,,,,,,,,,,,,,,,,
VGQLQLSHJLSLVILVPQNLK,H(4)N(3)F(2),7.61E+06,,,,,,,,,,,,,,,,,,,,,,,,,,,,,,,,,,,,,,,,,,,,,,,
VGQLQLSHJLSLVILVPQNLK,H(5)N(4)F(2),1.34E+07,,,,,,,,,,,,,,,,,,,,,,,,,,,,,,,,,,,,,,,,,,,,,,,
VGQLQLSHJLSLVILVPQNLK,H(4)N(3)A(1),2.60E+07,,,,,,,,,,,,,,,,,,,,,,,,,,,,,,,,,,,,,,,,,,,,,,,
KAFITJFSMIIDGMTYPGIIK,H(5)N(4)A(2),4.63E+08,,,,,,,,,,,,,,,,,,,,,,,,,,,,,,,,,,,,,,,,,,,,,,,
VGQLQLSHJLSLVILVPQNLK,H(5)N(4)A(1)F(3),4.20E+07,,,,,,,,,,,,,,,,,,,,,,,,,,,,,,,,,,,,,,,,,,,,,,,
WVLTAAHCLLYPPWDKJFTENDLLVR,H(5)N(4)A(2),1.58E+09,,,,,,,,,,,,,,,,,,,,,,,,,,,,,,,,,,,,,,,,,,,,,,,
IYSJHSALESLALIPLQAPLK,H(5)N(4)A(2)F(1),5.12E+07,,,,,,,,,,,,,,,,,,,,,,,,,,,,,,,,,,,,,,,,,,,,,,,
DVQIIVFPEDGIHGFJFTR,H(5)N(4)A(1)F(2),1.11E+08,,,,,,,,,,,,,,,,,,,,,,,,,,,,,,,,,,,,,,,,,,,,,,,
DVQIIVFPEDGIHGFJFTR,H(5)N(4)A(2),1.08E+08,,,,,,,,,,,,,,,,,,,,,,,,,,,,,,,,,,,,,,,,,,,,,,,
YLGJATAIFFLPDEGK,H(5)N(4)A(2)F(1),2.20E+09,,,,,,,,,,,,,,,,,,,,,,,,,,,,,,,,,,,,,,,,,,,,,,,
KIVLDPSGSMNIYLVLDGSDSIGASJFTGAK,H(5)N(4)A(2),2.30E+09,,,,,,,,,,,,,,,,,,,,,,,,,,,,,,,,,,,,,,,,,,,,,,,
YLGJATAIFFLPDEGK,H(5)N(4)A(2),4.90E+10,,,,,,,,,,,,,,,,,,,,,,,,,,,,,,,,,,,,,,,,,,,,,,,
LGACJDTLQQLMEVFKFDTISEK,H(5)N(4)A(2),1.39E+08,,,,,,,,,,,,,,,,,,,,,,,,,,,,,,,,,,,,,,,,,,,,,,,
VDREERAJLSSQALQMSLDYGFVTPLTSMSIR,H(5)N(4)A(2),1.01E+08,,,,,,,,,,,,,,,,,,,,,,,,,,,,,,,,,,,,,,,,,,,,,,,
YLGJATAIFFLPDEGK,H(5)N(4)A(1),5.18E+08,,,,,,,,,,,,,,,,,,,,,,,,,,,,,,,,,,,,,,,,,,,,,,,
YLGJATAIFFLPDEGK,H(5)N(4)A(1)F(2),3.02E+08,,,,,,,,,,,,,,,,,,,,,,,,,,,,,,,,,,,,,,,,,,,,,,,
YLGJATAIFFLPDEGK,H(4)N(3)A(1),2.29E+08,,,,,,,,,,,,,,,,,,,,,,,,,,,,,,,,,,,,,,,,,,,,,,,
YLGJATAIFFLPDEGK,H(3)N(3)F(2),4.49E+07,,,,,,,,,,,,,,,,,,,,,,,,,,,,,,,,,,,,,,,,,,,,,,,
YLGJATAIFFLPDEGK,H(3)N(2),9.15E+06,,,,,,,,,,,,,,,,,,,,,,,,,,,,,,,,,,,,,,,,,,,,,,,
LSLHRPALEDLLLGSEAJLTCTLTGLR,H(5)N(4)A(1),6.44E+08,,,,,,,,,,,,,,,,,,,,,,,,,,,,,,,,,,,,,,,,,,,,,,,
LSLHRPALEDLLLGSEAJLTCTLTGLR,H(5)N(5)A(1),5.09E+09,,,,,,,,,,,,,,,,,,,,,,,,,,,,,,,,,,,,,,,,,,,,,,,
YLGJATAIFFLPDEGK,H(4)N(3),4.22E+07,,,,,,,,,,,,,,,,,,,,,,,,,,,,,,,,,,,,,,,,,,,,,,,
LSLHRPALEDLLLGSEAJLTCTLTGLR,H(5)N(5)F(3),2.16E+08,,,,,,,,,,,,,,,,,,,,,,,,,,,,,,,,,,,,,,,,,,,,,,,
LSLHRPALEDLLLGSEAJLTCTLTGLR,H(5)N(4)A(1)F(1),2.02E+08,,,,,,,,,,,,,,,,,,,,,,,,,,,,,,,,,,,,,,,,,,,,,,,
LSLHRPALEDLLLGSEAJLTCTLTGLR,H(5)N(5)A(1)F(1),9.47E+06,,,,,,,,,,,,,,,,,,,,,,,,,,,,,,,,,,,,,,,,,,,,,,,
LSLHRPALEDLLLGSEAJLTCTLTGLR,H(6)N(3)A(1),1.74E+08,,,,,,,,,,,,,,,,,,,,,,,,,,,,,,,,,,,,,,,,,,,,,,,
KAFITJFSMIIDGMTYPGIIKEK,H(5)N(4)A(1)F(2),7.62E+07,,,,,,,,,,,,,,,,,,,,,,,,,,,,,,,,,,,,,,,,,,,,,,,
YTGJASALFILPDQDKMEEVEAMLLPETLKR,H(6)N(5)A(2)F(2),3.74E+08,,,,,,,,,,,,,,,,,,,,,,,,,,,,,,,,,,,,,,,,,,,,,,,
YTGJASALFILPDQDKMEEVEAMLLPETLKR,H(6)N(5)A(3)F(1),2.42E+08,,,,,,,,,,,,,,,,,,,,,,,,,,,,,,,,,,,,,,,,,,,,,,,
YTGJASALFILPDQDKMEEVEAMLLPETLKR,H(6)N(5)A(2)F(3),1.93E+08,,,,,,,,,,,,,,,,,,,,,,,,,,,,,,,,,,,,,,,,,,,,,,,
LSLHRPALEDLLLGSEAJLTCTLTGLR,H(4)N(5)F(2),1.31E+09,,,,,,,,,,,,,,,,,,,,,,,,,,,,,,,,,,,,,,,,,,,,,,,
LSLHRPALEDLLLGSEAJLTCTLTGLR,H(4)N(5)A(1),1.37E+09,,,,,,,,,,,,,,,,,,,,,,,,,,,,,,,,,,,,,,,,,,,,,,,
LSLHRPALEDLLLGSEAJLTCTLTGLR,H(5)N(3)F(2),2.30E+08,,,,,,,,,,,,,,,,,,,,,,,,,,,,,,,,,,,,,,,,,,,,,,,
YLGJATAIFFLPDEGK,H(12)N(2),3.60E+07,,,,,,,,,,,,,,,,,,,,,,,,,,,,,,,,,,,,,,,,,,,,,,,
LSLHRPALEDLLLGSEAJLTCTLTGLR,H(5)N(3)A(1),2.49E+08,,,,,,,,,,,,,,,,,,,,,,,,,,,,,,,,,,,,,,,,,,,,,,,
SLTFJETYQDISELVYGAK,H(5)N(4)A(1)F(1),1.78E+07,,,,,,,,,,,,,,,,,,,,,,,,,,,,,,,,,,,,,,,,,,,,,,,
SVQEIQATFFYFTPJKTEDTIFLR,H(6)N(5)A(2),5.13E+08,,,,,,,,,,,,,,,,,,,,,,,,,,,,,,,,,,,,,,,,,,,,,,,
LVSANRLFGDKSLTFJETYQDISELVYGAK,H(5)N(4)A(2),2.52E+08,,,,,,,,,,,,,,,,,,,,,,,,,,,,,,,,,,,,,,,,,,,,,,,
SVQEIQATFFYFTPJKTEDTIFLR,H(5)N(4)A(2),1.30E+09,,,,,,,,,,,,,,,,,,,,,,,,,,,,,,,,,,,,,,,,,,,,,,,
YLGJATAIFFLPDEGKLQHLENELTHDIITK,H(6)N(4)F(2),9.30E+07,,,,,,,,,,,,,,,,,,,,,,,,,,,,,,,,,,,,,,,,,,,,,,,
YLGJATAIFFLPDEGKLQHLENELTHDIITK,H(5)N(4)A(1),2.01E+09,,,,,,,,,,,,,,,,,,,,,,,,,,,,,,,,,,,,,,,,,,,,,,,
YLGJATAIFFLPDEGKLQHLENELTHDIITK,H(5)N(4)A(1)F(1),2.40E+08,,,,,,,,,,,,,,,,,,,,,,,,,,,,,,,,,,,,,,,,,,,,,,,
YLGJATAIFFLPDEGKLQHLENELTHDIITK,H(4)N(4)F(2),5.90E+07,,,,,,,,,,,,,,,,,,,,,,,,,,,,,,,,,,,,,,,,,,,,,,,
YLGJATAIFFLPDEGKLQHLENELTHDIITK,H(4)N(3)A(1),1.70E+08,,,,,,,,,,,,,,,,,,,,,,,,,,,,,,,,,,,,,,,,,,,,,,,
LSLHRPALEDLLLGSEAJLTCTLTGLR,H(5)N(4)A(2),1.01E+09,,,,,,,,,,,,,,,,,,,,,,,,,,,,,,,,,,,,,,,,,,,,,,,
LSLHRPALEDLLLGSEAJLTCTLTGLR,H(5)N(4)A(1)F(2),1.88E+08,,,,,,,,,,,,,,,,,,,,,,,,,,,,,,,,,,,,,,,,,,,,,,,
KAFITJFSMIIDGMTYPGIIKEK,H(6)N(5)A(3),2.17E+08,,,,,,,,,,,,,,,,,,,,,,,,,,,,,,,,,,,,,,,,,,,,,,,
IYSGILJLSDITKDTPFSQIK,H(5)N(4)A(2),1.27E+08,,,,,,,,,,,,,,,,,,,,,,,,,,,,,,,,,,,,,,,,,,,,,,,
SVQEIQATFFYFTPJKTEDTIFLR,H(7)N(6)A(3)F(1),6.14E+08,,,,,,,,,,,,,,,,,,,,,,,,,,,,,,,,,,,,,,,,,,,,,,,
LFGDKSLTFJETYQDISELVYGAK,H(5)N(4)F(4),1.98E+08,,,,,,,,,,,,,,,,,,,,,,,,,,,,,,,,,,,,,,,,,,,,,,,
SVQEIQATFFYFTPJKTEDTIFLR,H(7)N(6)A(3),4.53E+08,,,,,,,,,,,,,,,,,,,,,,,,,,,,,,,,,,,,,,,,,,,,,,,
LFGDKSLTFJETYQDISELVYGAK,H(5)N(4)A(2),1.04E+09,,,,,,,,,,,,,,,,,,,,,,,,,,,,,,,,,,,,,,,,,,,,,,,
ADTHDEILEGLNFJLTEIPEAQIHEGFQELLR,H(5)N(4)F(2),4.27E+08,,,,,,,,,,,,,,,,,,,,,,,,,,,,,,,,,,,,,,,,,,,,,,,
TLJQSSDELQLSMGNAMFVKEQLSLLDRFTEDAK,H(5)N(4)A(2),2.56E+08,,,,,,,,,,,,,,,,,,,,,,,,,,,,,,,,,,,,,,,,,,,,,,,
YLGJATAIFFLPDEGKLQHLENELTHDIITK,H(6)N(5)A(2),6.34E+07,,,,,,,,,,,,,,,,,,,,,,,,,,,,,,,,,,,,,,,,,,,,,,,
YLGJATAIFFLPDEGKLQHLENELTHDIITK,H(12)N(2),5.37E+08,,,,,,,,,,,,,,,,,,,,,,,,,,,,,,,,,,,,,,,,,,,,,,,
YLGJATAIFFLPDEGKLQHLENELTHDIITK,H(5)N(4)A(2),8.87E+09,,,,,,,,,,,,,,,,,,,,,,,,,,,,,,,,,,,,,,,,,,,,,,,
YLGJATAIFFLPDEGKLQHLENELTHDIITK,H(3)N(2),3.38E+08,,,,,,,,,,,,,,,,,,,,,,,,,,,,,,,,,,,,,,,,,,,,,,,
YLGJATAIFFLPDEGKLQHLENELTHDIITK,H(5)N(4)A(1)F(3),6.24E+06,,,,,,,,,,,,,,,,,,,,,,,,,,,,,,,,,,,,,,,,,,,,,,,
YLGJATAIFFLPDEGKLQHLENELTHDIITK,H(5)N(4),9.80E+07,,,,,,,,,,,,,,,,,,,,,,,,,,,,,,,,,,,,,,,,,,,,,,,
YLGJATAIFFLPDEGKLQHLENELTHDIITK,H(6)N(5)A(1),2.94E+07,,,,,,,,,,,,,,,,,,,,,,,,,,,,,,,,,,,,,,,,,,,,,,,
YLGJATAIFFLPDEGKLQHLENELTHDIITK,H(3)N(3)F(2),9.23E+08,,,,,,,,,,,,,,,,,,,,,,,,,,,,,,,,,,,,,,,,,,,,,,,
YLGJATAIFFLPDEGKLQHLENELTHDIITK,H(3)N(3),2.11E+08,,,,,,,,,,,,,,,,,,,,,,,,,,,,,,,,,,,,,,,,,,,,,,,
YLGJATAIFFLPDEGKLQHLENELTHDIITK,H(5)N(5)A(1)F(1),9.05E+09,,,,,,,,,,,,,,,,,,,,,,,,,,,,,,,,,,,,,,,,,,,,,,,
SLTFJETYQDISELVYGAK,H(5)N(4)A(2),6.17E+09,,,,,,,,,,,,,,,,,,,,,,,,,,,,,,,,,,,,,,,,,,,,,,,
KAFITJFSMIIDGMTYPGIIK,H(5)N(4)A(1)F(3),9.50E+07,,,,,,,,,,,,,,,,,,,,,,,,,,,,,,,,,,,,,,,,,,,,,,,
KAFITJFSMIIDGMTYPGIIK,H(7)N(6),4.62E+06,,,,,,,,,,,,,,,,,,,,,,,,,,,,,,,,,,,,,,,,,,,,,,,
SLTFJETYQDISELVYGAK,H(5)N(4)A(2)F(1),5.80E+08,,,,,,,,,,,,,,,,,,,,,,,,,,,,,,,,,,,,,,,,,,,,,,,
CSDGWSFDATTLDDJGTMLFFK,H(5)N(4)F(2),7.95E+06,,,,,,,,,,,,,,,,,,,,,,,,,,,,,,,,,,,,,,,,,,,,,,,
SLTFJETYQDISELVYGAK,H(5)N(4)A(1),5.73E+06,,,,,,,,,,,,,,,,,,,,,,,,,,,,,,,,,,,,,,,,,,,,,,,
LGACJDTLQQLMEVFK,H(5)N(4)A(2),1.44E+09,,,,,,,,,,,,,,,,,,,,,,,,,,,,,,,,,,,,,,,,,,,,,,,
VSJQTLSLFFTVLQDVPVRDLKPAIVK,H(5)N(4)A(1),7.89E+07,,,,,,,,,,,,,,,,,,,,,,,,,,,,,,,,,,,,,,,,,,,,,,,
KAFITJFSMIIDGMTYPGIIK,H(5)N(4)A(1)F(2),3.29E+09,,,,,,,,,,,,,,,,,,,,,,,,,,,,,,,,,,,,,,,,,,,,,,,
LGACJDTLQQLMEVFKFDTISEK,H(5)N(4)A(1)F(2),3.27E+07,,,,,,,,,,,,,,,,,,,,,,,,,,,,,,,,,,,,,,,,,,,,,,,
ADTHDEILEGLNFJLTEIPEAQIHEGFQELLR,H(6)N(5)A(2)F(1),1.65E+08,,,,,,,,,,,,,,,,,,,,,,,,,,,,,,,,,,,,,,,,,,,,,,,
LGACJDTLQQLMEVFKFDTISEK,H(4)N(3)A(1),6.93E+07,,,,,,,,,,,,,,,,,,,,,,,,,,,,,,,,,,,,,,,,,,,,,,,
LGACJDTLQQLMEVFKFDTISEK,H(6)N(5)A(2),2.23E+08,,,,,,,,,,,,,,,,,,,,,,,,,,,,,,,,,,,,,,,,,,,,,,,
ADTHDEILEGLNFJLTEIPEAQIHEGFQELLR,H(6)N(5)A(1)F(2),2.45E+08,,,,,,,,,,,,,,,,,,,,,,,,,,,,,,,,,,,,,,,,,,,,,,,
ADTHDEILEGLNFJLTEIPEAQIHEGFQELLR,H(12)N(2),1.26E+09,,,,,,,,,,,,,,,,,,,,,,,,,,,,,,,,,,,,,,,,,,,,,,,
CGLVPVLAENYJKSDNCEDTPEAGYFAVAVVK,H(5)N(4)A(1)F(2),3.33E+09,,,,,,,,,,,,,,,,,,,,,,,,,,,,,,,,,,,,,,,,,,,,,,,
ADTHDEILEGLNFJLTEIPEAQIHEGFQELLR,H(3)N(7)F(3),3.71E+06,,,,,,,,,,,,,,,,,,,,,,,,,,,,,,,,,,,,,,,,,,,,,,,
ADTHDEILEGLNFJLTEIPEAQIHEGFQELLR,H(5)N(4)A(2),1.44E+10,,,,,,,,,,,,,,,,,,,,,,,,,,,,,,,,,,,,,,,,,,,,,,,
AFITJFSMIIDGMTYPGIIKEK,H(5)N(4)A(1)F(2),2.67E+08,,,,,,,,,,,,,,,,,,,,,,,,,,,,,,,,,,,,,,,,,,,,,,,
YLGJATAIFFLPDEGKLQHLENELTHDIITK,H(6)N(5)A(2)F(3),6.01E+07,,,,,,,,,,,,,,,,,,,,,,,,,,,,,,,,,,,,,,,,,,,,,,,
QQQHLFGSJVTDCSGJFCLFR,H(5)N(4)F(4),1.02E+09,,,,,,,,,,,,,,,,,,,,,,,,,,,,,,,,,,,,,,,,,,,,,,,
YLGJATAIFFLPDEGKLQHLENELTHDIITK,H(6)N(5)A(3),1.40E+09,,,,,,,,,,,,,,,,,,,,,,,,,,,,,,,,,,,,,,,,,,,,,,,
YTGJASALFILPDQDKMEEVEAMLLPETLKR,H(6)N(5)A(3),1.42E+09,,,,,,,,,,,,,,,,,,,,,,,,,,,,,,,,,,,,,,,,,,,,,,,
GCVLLSYLJETVTVSASLESVR,H(5)N(4)A(2),1.43E+09,,,,,,,,,,,,,,,,,,,,,,,,,,,,,,,,,,,,,,,,,,,,,,,
VTQJLTLIEESLTSEFIHDIDR,H(5)N(4)A(2),3.50E+08,,,,,,,,,,,,,,,,,,,,,,,,,,,,,,,,,,,,,,,,,,,,,,,
VTQJLTLIEESLTSEFIHDIDR,H(5)N(4)A(1)F(2),4.66E+07,,,,,,,,,,,,,,,,,,,,,,,,,,,,,,,,,,,,,,,,,,,,,,,
VSJQTLSLFFTVLQDVPVRDLKPAIVK,H(5)N(4)A(2),4.12E+08,,,,,,,,,,,,,,,,,,,,,,,,,,,,,,,,,,,,,,,,,,,,,,,
ADTHDEILEGLNFJLTEIPEAQIHEGFQELLR,H(6)N(5)A(3),5.80E+09,,,,,,,,,,,,,,,,,,,,,,,,,,,,,,,,,,,,,,,,,,,,,,,
ADTHDEILEGLNFJLTEIPEAQIHEGFQELLR,H(6)N(5)A(3)F(1),8.04E+09,,,,,,,,,,,,,,,,,,,,,,,,,,,,,,,,,,,,,,,,,,,,,,,
VTQJLTLIEESLTSEFIHDIDRELK,H(5)N(4)A(2),5.79E+07,,,,,,,,,,,,,,,,,,,,,,,,,,,,,,,,,,,,,,,,,,,,,,,
YTGJASALFILPDQDKMEEVEAMLLPETLKR,H(7)N(6)A(4),1.06E+09,,,,,,,,,,,,,,,,,,,,,,,,,,,,,,,,,,,,,,,,,,,,,,,
YTGJASALFILPDQDKMEEVEAMLLPETLKR,H(7)N(6)A(4)F(1),8.73E+08,,,,,,,,,,,,,,,,,,,,,,,,,,,,,,,,,,,,,,,,,,,,,,,
MLJTSSLLEQLNEQFNWVSR,H(5)N(4)A(2),1.37E+08,,,,,,,,,,,,,,,,,,,,,,,,,,,,,,,,,,,,,,,,,,,,,,,
VSJQTLSLFFTVLQDVPVR,H(5)N(4)A(1)F(1),4.05E+08,,,,,,,,,,,,,,,,,,,,,,,,,,,,,,,,,,,,,,,,,,,,,,,
VSJQTLSLFFTVLQDVPVR,H(5)N(4)A(1),5.19E+08,,,,,,,,,,,,,,,,,,,,,,,,,,,,,,,,,,,,,,,,,,,,,,,
ADTHDEILEGLNFJLTEIPEAQIHEGFQELLR,H(5)N(4)A(1)F(2),3.13E+07,,,,,,,,,,,,,,,,,,,,,,,,,,,,,,,,,,,,,,,,,,,,,,,
YTGJASALFILPDQDKMEEVEAMLLPETLK,H(6)N(5)A(3),1.43E+09,,,,,,,,,,,,,,,,,,,,,,,,,,,,,,,,,,,,,,,,,,,,,,,
ADTHDEILEGLNFJLTEIPEAQIHEGFQELLR,H(7)N(6)A(4)F(1),1.21E+09,,,,,,,,,,,,,,,,,,,,,,,,,,,,,,,,,,,,,,,,,,,,,,,
VSJQTLSLFFTVLQDVPVR,H(5)N(4)A(2)F(1),1.44E+08,,,,,,,,,,,,,,,,,,,,,,,,,,,,,,,,,,,,,,,,,,,,,,,
VSJQTLSLFFTVLQDVPVR,H(5)N(4)A(2),3.67E+09,,,,,,,,,,,,,,,,,,,,,,,,,,,,,,,,,,,,,,,,,,,,,,,
APDKNVIFSPLSISTALAFLSLGAHJTTLTEILK,H(5)N(4)A(2)F(1),2.17E+08,,,,,,,,,,,,,,,,,,,,,,,,,,,,,,,,,,,,,,,,,,,,,,,
APDKNVIFSPLSISTALAFLSLGAHJTTLTEILK,H(5)N(4)A(2),1.93E+09,,,,,,,,,,,,,,,,,,,,,,,,,,,,,,,,,,,,,,,,,,,,,,,
APDKNVIFSPLSISTALAFLSLGAHJTTLTEILK,H(5)N(4)A(1),1.18E+07,,,,,,,,,,,,,,,,,,,,,,,,,,,,,,,,,,,,,,,,,,,,,,,
APDKNVIFSPLSISTALAFLSLGAHJTTLTEILK,H(4)N(3)A(1),5.32E+06,,,,,,,,,,,,,,,,,,,,,,,,,,,,,,,,,,,,,,,,,,,,,,,
QLAHQSJSTNIFFSPVSIATAFAMLSLGTK,H(12)N(2),2.70E+09,,,,,,,,,,,,,,,,,,,,,,,,,,,,,,,,,,,,,,,,,,,,,,,
AVJITSENLIDDVVSLIR,H(5)N(4)A(2),2.35E+09,,,,,,,,,,,,,,,,,,,,,,,,,,,,,,,,,,,,,,,,,,,,,,,
QLAHQSJSTNIFFSPVSIATAFAMLSLGTK,H(5)N(4)A(2),2.03E+10,,,,,,,,,,,,,,,,,,,,,,,,,,,,,,,,,,,,,,,,,,,,,,,
APDKNVIFSPLSISTALAFLSLGAHJTTLTEILK,H(6)N(5)A(3),1.13E+09,,,,,,,,,,,,,,,,,,,,,,,,,,,,,,,,,,,,,,,,,,,,,,,
QLAHQSJSTNIFFSPVSIATAFAMLSLGTK,H(6)N(5)A(2)F(1),3.06E+08,,,,,,,,,,,,,,,,,,,,,,,,,,,,,,,,,,,,,,,,,,,,,,,
QLAHQSJSTNIFFSPVSIATAFAMLSLGTK,H(6)N(5)A(1),4.75E+08,,,,,,,,,,,,,,,,,,,,,,,,,,,,,,,,,,,,,,,,,,,,,,,
QLAHQSJSTNIFFSPVSIATAFAMLSLGTK,H(4)N(3)F(2),1.78E+08,,,,,,,,,,,,,,,,,,,,,,,,,,,,,,,,,,,,,,,,,,,,,,,
NVIFSPLSISTALAFLSLGAHJTTLTEILK,H(5)N(4)A(1)F(2),1.92E+07,,,,,,,,,,,,,,,,,,,,,,,,,,,,,,,,,,,,,,,,,,,,,,,
TEVSSNHVLIYLDKVSJQTLSLFFTVLQDVPVR,H(6)N(5)A(3),2.63E+07,,,,,,,,,,,,,,,,,,,,,,,,,,,,,,,,,,,,,,,,,,,,,,,
